eps_1_pct,eps_3_pct,eps_s_pct,eps_v_pct,p_eff_kPa,q_kPa,Gm
-0.0,-0.0,0.0,-0.0,100.0,0.0,0.0
0.0083333333333,-0.0024166666667,0.007166666666666667,0.0034999999999,103.58305555666668,10.749166669999994,4.5081553398
0.016666666666999997,-0.0043687192037,0.014023590580466663,0.007929228259599998,105.53914894666667,16.61744684,3.5058252427
0.025,-0.0062537969273,0.0208358646182,0.012492406145400002,106.92135784,20.764073519999997,3.0046601942
0.033333333333,-0.0080794641971,0.027608531686733332,0.017174404938800007,107.83147285,23.494418550000006,2.5034951456
0.041666666667,-0.0098381885944,0.03433657017426667,0.021990289478200004,108.41137137333334,25.23411412,2.0023300971
0.05,-0.011519000308,0.041012666872,0.026961999384,108.79861869666667,26.395856089999995,1.5011650485
0.058333333333000004,-0.013225806554,0.047706093258,0.03188172022500001,109.10726897666666,27.321806929999994,1.5011650485
0.066666666667,-0.014958112326,0.05441651932866666,0.036750442014999996,109.40868126666668,28.226043800000014,1.5011650485
0.075,-0.016602317869,0.06106821191266666,0.04179536426199999,109.53152526666668,28.5945758,1.0
0.083333333333,-0.018259343737,0.06772845138,0.046814645859,109.65306260333334,28.959187810000003,1.0
0.091666666667,-0.019928979852,0.07439709767933333,0.05180870696300001,109.77333071999999,29.319992159999998,1.0
0.1,-0.021611020955,0.08107401397,0.05677795809,109.89236541666666,29.677096250000005,1.0
0.10833333332999999,-0.02330526654,0.08775906657999999,0.061722800249999994,110.01020094,30.030602820000013,1.0
0.11666666666999999,-0.025011520784999998,0.09445212497,0.06664362509999999,110.12687006666665,30.380610200000007,1.0
0.125,-0.026729592382,0.101153061588,0.071540815236,110.24240419333334,30.727212580000014,1.0
0.13333333333,-0.028459294678,0.10786175200533332,0.076414743974,110.35683340666667,31.070500220000014,1.0
0.14166666667,-0.030200445128,0.11457807453199999,0.08126577641400001,110.47018657333335,31.41055972000001,1.0
0.15,-0.031952865832,0.12130191055466666,0.08609426833600001,110.58249137333333,31.747474119999993,1.0
0.15833333333,-0.033716382869,0.12803314413266664,0.09090056759199999,110.69377440000001,32.081323200000014,1.0
0.16666666667,-0.035490826474,0.134771662096,0.09568501372199997,110.80406118666667,32.41218355999999,1.0
0.17500000000000002,-0.037276030878,0.14151735391866666,0.10044793824400003,110.91337628333333,32.74012884999999,1.0
0.18333333333,-0.039071834209999996,0.14827011169333332,0.10518966491000001,111.02174329999998,33.06522989999999,1.0
0.19166666666999999,-0.040878078394000004,0.15502983004266666,0.10991050988199996,111.12918494666667,33.38755484000001,1.0
0.2,-0.042694609049,0.16179640603266665,0.11461078190200003,111.23572309333333,33.70716927999999,1.0
0.20833333333,-0.044521275393,0.1685697391486667,0.11929078254400002,111.34137880333333,34.02413641000001,1.0
0.21666666667,-0.046357930147,0.17534973121133335,0.12395080637599999,111.44617236666666,34.33851709999999,1.0
0.22499999999999998,-0.048204429433,0.18213628628866665,0.128591141134,111.55012335333333,34.65037006,1.0
0.23333333333,-0.050060632690999994,0.18892931068066665,0.133212067948,111.65325063333334,34.959751899999986,1.0
0.24166666667,-0.051926402577,0.19572871283133333,0.137813861516,111.75557241666667,35.26671725,1.0
0.25,-0.053801604882000004,0.20253440325466668,0.142396790236,111.85710628333334,35.57131885000001,1.0
0.25833333333,-0.055686108524,0.20934629456933335,0.14696111628200004,111.95786920666667,35.87360762,1.0
0.26666666667,-0.057579785106,0.21616430118399999,0.15150709645799998,112.05787759666667,36.17363279,1.0
0.27499999999999997,-0.059482509369,0.2229883395793333,0.15603498126199994,112.15714731333333,36.471441940000005,1.0
0.28333333333,-0.061394158878999995,0.22981832813933334,0.16054501557200002,112.25569367666667,36.767081030000014,1.0
0.29166666667,-0.063314613759,0.23665418695266666,0.16503743915200003,112.35353152333334,37.060594570000006,1.0
0.3,-0.065243756837,0.24349583789133333,0.16951248632599997,112.45067520666667,37.352025620000006,1.0
0.30833333333,-0.067181473506,0.25034320455733333,0.173970386318,112.54713862333334,37.64141587,1.0
0.31666666667000004,-0.069127651656,0.25719621221733335,0.17841136335800006,112.64293522666667,37.92880568000001,1.0
0.325,-0.07108218160400001,0.264054787736,0.18283563679200002,112.73807805666667,38.21423417,1.0
0.33333333333,-0.073044956024,0.2709188595693333,0.18724342128199994,112.83257974333333,38.49773923000001,1.0
0.34166666667,-0.075015869885,0.2777883577033333,0.19163492690000003,112.92645253333335,38.7793576,1.0
0.35000000000000003,-0.07699482038199999,0.284663213588,0.19601035923600002,113.01970831,39.059124929999996,1.0
0.35833333333,-0.07898170688,0.29154336014,0.20036991957,113.11235859333333,39.33707577999999,1.0
0.36666666667000003,-0.08097643085299999,0.298428731682,0.20471380496400005,113.20441456666667,39.6132437,1.0
0.375,-0.082978895823,0.305319263882,0.209042208354,113.29588708333334,39.88766125000001,1.0
0.38333333332999997,-0.084989007307,0.31221489375799993,0.213355318716,113.38678668666667,40.16036005999999,1.0
0.39166666667,-0.08700667276099999,0.3191155596206666,0.217653321148,113.47712360999999,40.43137082999999,1.0
0.4,-0.089031801529,0.32602120101933335,0.22193639694199999,113.56690780666668,40.70072342,1.0
0.40833333333,-0.091064304894,0.33293175881599996,0.22620472354200002,113.65614893666667,40.96844680999999,1.0
0.41666666667,-0.093104095543,0.33984717480866666,0.23045847558400004,113.74485641333335,41.23456924000001,1.0
0.42500000000000004,-0.095151088395,0.3467673922633333,0.23469782321000007,113.83303936666668,41.499118100000004,1.0
0.43333333333,-0.097205199845,0.35369235545,0.23892293364000003,113.92070669000002,41.76212007000001,1.0
0.44166666667000004,-0.09926634790300001,0.3606220097153333,0.24313397086400004,114.00786703333334,42.02360110000001,1.0
0.44999999999999996,-0.10133445222000001,0.36755630147999996,0.2473310955599999,114.09452881666668,42.28358645,1.0
0.45833333333,-0.10340943401,0.3744951782266666,0.25151446531,114.18070023666667,42.54210071,1.0
0.46666666666999995,-0.10549121600000001,0.38143858844666667,0.25568423466999995,114.26638927333333,42.79916782000001,1.0
0.475,-0.10757972241,0.38838648160666667,0.25984055517999993,114.35160370333334,43.05481111,1.0
0.48333333333,-0.1096748789,0.39533880815333333,0.26398357553,114.43635109999998,43.30905329999999,1.0
0.49166666667,-0.11177661253,0.40229551946666664,0.26811344161,114.52063884,43.56191652000001,1.0
0.5,-0.11388485187000001,0.4092565679133333,0.27223029625999995,114.60447411,43.81342233000001,1.0
0.50833333333,-0.1159995263,0.41622190641999995,0.27633428073,114.68786395,44.063591849999995,1.0
0.51666666667,-0.11812056728,0.4231914893,0.2804255321100001,114.77081516999999,44.31244551,1.0
0.525,-0.12024790704,0.43016527136,0.28450418592000004,114.85333445333333,44.560003359999996,1.0
0.53333333333,-0.12238147914,0.4371432083133333,0.28857037505000005,114.93542830666667,44.806284919999996,1.0
0.5416666666700001,-0.12452121838,0.4441252567,0.29262422991000003,115.01710307666667,45.05130922999999,1.0
0.5499999999999999,-0.12666706085,0.45111137389999995,0.2966658782999999,115.09836495666667,45.295094870000014,1.0
0.55833333333,-0.12881894333,0.4581015177733333,0.30069544667000003,115.17922001666666,45.53766005,1.0
0.56666666667,-0.13097680424,0.4650956472733333,0.30471305818999994,115.25967415333332,45.77902245999999,1.0
0.575,-0.133140583,0.47209372199999994,0.308718834,115.33973313333333,46.01919939999999,1.0
0.58333333333,-0.13531021992,0.4790957021666667,0.31271289349,115.41940259333334,46.25820777999999,1.0
0.59166666667,-0.13748565642,0.48610154872666667,0.31669535383,115.49868804333335,46.49606413000001,1.0
0.6,-0.13966683497000001,0.4931112233133333,0.32066633006,115.57759486333333,46.732784589999994,1.0
0.6083333333300001,-0.14185369899,0.5001246882133333,0.32462593535000006,115.65612831,46.96838493000001,1.0
0.61666666667,-0.14404619290999998,0.5071419063866667,0.32857428085000007,115.73429353,47.20288059000001,1.0
0.625,-0.14624426206,0.5141628413733332,0.3325114758800001,115.81209554666667,47.43628663999999,1.0
0.63333333333,-0.14844785282,0.5211874574333333,0.33643762768999996,115.88953927333334,47.66861782000001,1.0
0.6416666666699999,-0.1506569121,0.5282157191799999,0.34035284246999997,115.96662953333333,47.8998886,1.0
0.65,-0.15287138832,0.5352475922133333,0.34425722336,116.04337100999999,48.13011302999999,1.0
0.65833333333,-0.15509123004,0.5422830422466667,0.34815087324999994,116.11976832666666,48.35930497999999,1.0
0.66666666667,-0.15731638734,0.5493220360066666,0.35203389199,116.19582596666667,48.58747790000001,1.0
0.675,-0.15954681057999998,0.5563645403866666,0.3559063788400001,116.27154836,48.81464507999999,1.0
0.68333333333,-0.16178245128000002,0.5634105230733333,0.35976843077,116.34693980666667,49.04081941999999,1.0
0.69166666667,-0.16402326159,0.5704599521733333,0.36362014348999994,116.42200453999999,49.266013619999995,1.0
0.7000000000000001,-0.16626919444,0.5775127962933333,0.3674616111200001,116.49674669666666,49.490240089999986,1.0
0.70833333333,-0.16852020353,0.5845690245733333,0.3712929262700001,116.57117033000002,49.71351099,1.0
0.71666666667,-0.17077624329,0.5916286066399999,0.3751141800900001,116.64527941,49.93583823,1.0
0.7250000000000001,-0.173037269,0.5986915126666666,0.37892546200000016,116.71907781666668,50.15723345000001,1.0
0.73333333333,-0.17530323611,0.6057577129599999,0.38272686111,116.79256939,50.377708170000005,1.0
0.7416666666699999,-0.17757410158,0.6128271788333333,0.38651846350999997,116.86575783666667,50.59727351000001,1.0
0.75,-0.17984982247,0.6198998816466667,0.39030035505999994,116.93864683,50.81594049,1.0
0.75833333333,-0.18213035679,0.6269757934133333,0.39407261974999996,117.01123995,51.03371985000001,1.0
0.7666666666699999,-0.18441566267,0.6340548862266666,0.39783534133,117.08354073999999,51.25062222,1.0
0.775,-0.18670569965,0.6411371331,0.4015886007000001,117.15555262333334,51.466657870000006,1.0
0.78333333333,-0.18900042736,0.6482225071266666,0.40533247861,117.22727899666666,51.681836989999994,1.0
0.79166666667,-0.1912998062,0.6553109819133333,0.40906705427,117.29872317666667,51.89616953000001,1.0
0.8,-0.19360379715999998,0.6624025314399999,0.4127924056800001,117.36988841666668,52.109665250000006,1.0
0.80833333333,-0.19591236154000002,0.6694971299133333,0.41650861024999997,117.44077792666667,52.32233378000001,1.0
0.81666666667,-0.19822546175,0.67659475228,0.42021574317,117.51139482666667,52.53418447999999,1.0
0.8250000000000001,-0.20054306035,0.6836953735666667,0.4239138793,117.58174219666667,52.74522658999999,1.0
0.83333333333,-0.20286512055,0.6907989692533333,0.4276030922300001,117.65182305666667,52.955469169999986,1.0
0.84166666667,-0.20519160611,0.6979055151866667,0.43128345445000005,117.72164037333334,53.16492112,1.0
0.8500000000000001,-0.20752248128,0.70501498752,0.43495503744,117.79119705333333,53.37359115999999,1.0
0.8583333333300001,-0.20985771086,0.7121273627933333,0.43861791161000013,117.86049596,53.58148788,1.0
0.86666666667,-0.21219726013,0.7192426178666667,0.44227214641000007,117.92953989333334,53.78861968000001,1.0
0.8750000000000001,-0.21454109487,0.7263607299133334,0.44591781026000005,117.99833161,53.994994829999996,1.0
0.88333333333,-0.21688918134000001,0.7334816764466666,0.44955497064999994,118.06687382,54.20062146000001,1.0
0.8916666666699999,-0.21924148627,0.7406054352933333,0.45318369412999987,118.13516918,54.40550754,1.0
0.8999999999999999,-0.22159797687,0.7477319845799999,0.4568040462599999,118.20322030666667,54.60966092000001,1.0
0.90833333333,-0.22395862089000002,0.7548613028133333,0.4604160915499999,118.27102975333332,54.81308926,1.0
0.91666666667,-0.22632338612000003,0.7619933685266667,0.4640198944299999,118.33860006666667,55.0158002,1.0
0.9249999999999999,-0.22869224143,0.7691281609533333,0.46761551713999994,118.40593371,55.21780113,1.0
0.93333333333,-0.23106515578,0.7762656594066667,0.47120302177000006,118.47303311,55.419099329999995,1.0
0.94166666667,-0.23344209836,0.7834058433533333,0.47478246995000006,118.53990068333333,55.61970205,1.0
0.95,-0.23582303887999997,0.7905486925866666,0.47835392223999995,118.60653878333333,55.81961634999999,1.0
0.95833333333,-0.23820794789,0.79769418748,0.48191743755000005,118.67294971333332,56.018849139999986,1.0
0.96666666667,-0.24059679584000002,0.80484230834,0.4854730749899999,118.73913575,56.21740725000001,1.0
0.975,-0.24298955373,0.81199303582,0.48902089254000003,118.80509914,56.41529742,1.0
0.9833333333300001,-0.24538619295,0.8191463508533334,0.4925609474300001,118.87084208333333,56.61252625,1.0
0.99166666667,-0.24778668524999997,0.8263022346133333,0.49609329617000014,118.93636674333334,56.80910023000001,1.0
1.0,-0.25019100275,0.8334606685,0.49961799449999994,119.00167525666666,57.00502577,1.0
1.0083333333,-0.25259911796,0.8406216341733332,0.50313509738,119.06676971333333,57.20030914,1.0
1.0166666667,-0.25501100372,0.8477851136133332,0.50664465926,119.13165217666666,57.39495653,1.0
1.0250000000000001,-0.25742663322000003,0.8549510888133334,0.5101467335600001,119.19632468333333,57.58897404999999,1.0
1.0333333332999999,-0.25984598002,0.8621195422133332,0.51364137326,119.26078921999999,57.782367660000006,1.0
1.0416666667,-0.26226901804,0.8692904564933334,0.51712863062,119.32504776,57.97514328,1.0
1.05,-0.26469572131,0.8764638142066667,0.5206085573799999,119.38910224,58.16730672,1.0
1.0583333333,-0.26712606477,0.8836395987133333,0.52408120376,119.45295454666666,58.35886364000001,1.0
1.0666666667,-0.26956002257,0.8908177928466667,0.52754662156,119.51660659333334,58.54981978000001,1.0
1.075,-0.27199757052,0.8979983803466666,0.53100485896,119.58006019333334,58.740180579999986,1.0
1.0833333333,-0.27443868401,0.9051813448733332,0.5344559652800001,119.64331716333334,58.92995149000001,1.0
1.0916666667000001,-0.27688333846,0.9123666701066667,0.5378999897800001,119.70637932,59.11913795999999,1.0
1.0999999999999999,-0.2793315103,0.9195543401999999,0.5413369793999998,119.76924840333334,59.30774521000001,1.0
1.1083333333,-0.28178317587,0.9267443394466667,0.54476698156,119.83192615,59.49577844999999,1.0
1.1166666667,-0.28423831162,0.9339366522133333,0.54819004346,119.89441428666667,59.68324286000001,1.0
1.125,-0.2866968948,0.9411312632,0.5516062104000001,119.95671447666666,59.87014343000001,1.0
1.1333333333,-0.28915890241000003,0.94832815714,0.5550155284799998,120.01882839666666,60.05648518999999,1.0
1.1416666667,-0.29162431179,0.9555273189933332,0.5584180431200001,120.08075768333333,60.242273049999994,1.0
1.15,-0.29409310125,0.9627287341666666,0.5618137974999999,120.14250392666668,60.42751178,1.0
1.1583333333,-0.29656524815,0.9699323876333334,0.565202837,120.20406874333332,60.61220623,1.0
1.1666666666999999,-0.29904073130000003,0.9771382653333333,0.5685852040999997,120.26545367666667,60.796361030000014,1.0
1.175,-0.30151952905999996,0.9843463527066666,0.5719609418800002,120.32666027,60.97998081,1.0
1.1833333333,-0.30400162024,0.9915566356933333,0.57533009282,120.38769005333332,61.16307015999999,1.0
1.1916666667,-0.30648698389,0.9987691003933332,0.5786926989200001,120.44854451333333,61.345633539999994,1.0
1.2,-0.30897559929,1.0059837328599999,0.5820488014199998,120.50922513666667,61.52767541,1.0
1.2083333333000001,-0.31146744599,1.0132005195266667,0.5853984413200002,120.56973337333334,61.70920011999999,1.0
1.2166666667,-0.31396250374,1.0204194469599999,0.5887416592199999,120.63007066,61.890211980000004,1.0
1.225,-0.31646075269,1.0276405017933334,0.59207849462,120.69023840666667,62.07071522000001,1.0
1.2333333332999998,-0.31896217264000004,1.0348636706266665,0.5954089880199998,120.75023802666665,62.250714079999995,1.0
1.2416666667,-0.32146674446,1.0420889407733331,0.59873317778,120.81007087666667,62.43021263,1.0
1.25,-0.32397444869,1.0493162991266667,0.60205110262,120.86973832000001,62.60921496,1.0
1.2583333333,-0.32648526635,1.0565457330999999,0.6053628006,120.92924168999998,62.78772506999999,1.0
1.2666666667,-0.32899917816,1.0637772299066666,0.6086683103799999,120.98858233,62.965746990000014,1.0
1.275,-0.33151616581,1.0710107772066666,0.6119676683799999,121.04776151333333,63.143284539999996,1.0
1.2833333332999999,-0.33403621071,1.0782463626733332,0.6152609118799999,121.10678054,63.320341619999994,1.0
1.2916666667,-0.33655929472,1.08548397428,0.61854807726,121.16564066666668,63.49692200000001,1.0
1.3,-0.33908539947,1.0927235996466667,0.62182920106,121.22434315999999,63.67302948,1.0
1.3083333333,-0.34161450716,1.0999652269733333,0.6251043189799999,121.28288925,63.848667750000004,1.0
1.3166666667,-0.34414660055999996,1.10720884484,0.62837346558,121.34128013000002,64.02384039,1.0
1.325,-0.34668166148,1.1144544409866666,0.6316366770399999,121.39951703999999,64.19855111999999,1.0
1.3333333333,-0.34921967294,1.1217020041599999,0.6348939874199999,121.45760114666666,64.37280344000001,1.0
1.3416666667,-0.35176061800999997,1.1289515231399998,0.6381454306800001,121.51553361333333,64.54660084,1.0
1.35,-0.35430447962,1.1362029864133334,0.6413910407600001,121.57331560333334,64.71994681000001,1.0
1.3583333333,-0.35685124102,1.14345638288,0.6446308512600001,121.63094825666667,64.89284477000001,1.0
1.3666666667,-0.35940088574,1.1507117016266666,0.6478648952200001,121.68843269333333,65.06529807999999,1.0
1.375,-0.36195339719,1.15796893146,0.6510932056200001,121.74577003,65.23731009,1.0
1.3833333333,-0.36450875923,1.1652280616866666,0.6543158148399999,121.80296136666668,65.4088841,1.0
1.3916666667,-0.36706695596,1.172489081773333,0.6575327547800001,121.86000777333334,65.58002332000001,1.0
1.4000000000000001,-0.36962797127,1.1797519808466668,0.66074405746,121.91691033666666,65.75073101000001,1.0
1.4083333333,-0.37219178962,1.1870167486133334,0.6639497540600001,121.97367009666668,65.92101029,1.0
1.4166666667,-0.37475839562,1.19428337488,0.66714987546,122.03028809333334,66.09086428,1.0
1.425,-0.37732777324,1.2015518488266665,0.67034445352,122.08676538666667,66.26029616,1.0
1.4333333333,-0.37989990789,1.2088221607933334,0.6735335175199999,122.14310296333333,66.42930888999999,1.0
1.4416666667,-0.38247478428,1.2160943006533333,0.6767170981399999,122.19930183333334,66.5979055,1.0
1.4500000000000002,-0.38505238765,1.2233682584333334,0.6798952247000001,122.25536298666667,66.76608895999999,1.0
1.4583333333,-0.38763270287,1.2306440241133332,0.68306792756,122.31128741666667,66.93386225,1.0
1.4666666667000001,-0.39021571557,1.23792158818,0.68623523556,122.36707608,67.10122824000001,1.0
1.4749999999999999,-0.39280141106,1.2452009407066664,0.6893971778799999,122.42272994333332,67.26818983000001,1.0
1.4833333333,-0.39538977533,1.2524820724199999,0.6925537826400001,122.47824993666666,67.43474981,1.0
1.4916666667,-0.39798079427,1.2597649739799999,0.69570507816,122.53363698999999,67.60091097,1.0
1.5,-0.40057445337,1.2670496355799998,0.6988510932600001,122.58889204666666,67.76667613999999,1.0
1.5083333333,-0.40317073882,1.27433604808,0.7019918556599999,122.64401601666667,67.93204804999999,1.0
1.5166666667,-0.4057696372,1.2816242025999998,0.7051273923000001,122.69900978,68.09702934,1.0
1.525,-0.40837113469,1.2889140897933333,0.7082577306199997,122.75387423333332,68.2616227,1.0
1.5333333333,-0.41097521789,1.2962057007933334,0.71138289752,122.80861026000001,68.42583078000001,1.0
1.5416666666999999,-0.41358187331,1.3034990266733333,0.7145029200799997,122.86321872666667,68.58965617999999,1.0
1.55,-0.41619108784,1.31079405856,0.7176178243200002,122.91770049,68.75310146999999,1.0
1.5583333333,-0.41880284785,1.3180907874333334,0.7207276375999999,122.97205642666665,68.91616927999999,1.0
1.5666666667,-0.42141714109,1.3253892051933334,0.7238323845199999,123.02628733666666,69.07886201,1.0
1.575,-0.4240339546,1.3326893030666667,0.7269320907999999,123.08039405333334,69.24118216,1.0
1.5833333333000001,-0.42665327511,1.3399910722733335,0.73002678308,123.13437742666667,69.40313228,1.0
1.5916666667,-0.42927509055,1.3472945048333334,0.7331164855999999,123.18823823999999,69.56471472000001,1.0
1.6,-0.43189938825,1.3545995921666667,0.7362012235000002,123.24197730333333,69.72593191000001,1.0
1.6083333333,-0.43452615585000004,1.3619063261,0.7392810216000001,123.29559540999999,69.88678623000001,1.0
1.6166666667,-0.43715538109,1.3692146985266667,0.7423559045200001,123.34909334000001,70.04728001999999,1.0
1.625,-0.43978705192999995,1.3765247012866664,0.74542589614,123.40247186333333,70.20741559000001,1.0
1.6333333333000002,-0.44242115606000004,1.3838363262400002,0.7484910211800002,123.45573176666666,70.36719529999999,1.0
1.6416666667,-0.44505768186,1.3911495657066664,0.7515513029799998,123.50887378666668,70.52662136000001,1.0
1.6500000000000001,-0.44769661743000005,1.39846441162,0.7546067651399999,123.56189867666667,70.68569603,1.0
1.6583333333,-0.45033795121,1.40578085634,0.75765743088,123.61480717666666,70.84442153,1.0
1.6666666667,-0.45298167123,1.4130988919533334,0.76070332424,123.66760003666667,71.00280011000001,1.0
1.675,-0.4556277665,1.4204185109999998,0.7637444670000002,123.72027795333334,71.16083386,1.0
1.6833333333000002,-0.45827622524,1.4277397056933334,0.7667808828200001,123.77284166666668,71.318525,1.0
1.6916666667,-0.46092703646,1.4350624687733333,0.76981259378,123.82529187,71.47587561,1.0
1.7000000000000002,-0.46358018891,1.4423867926066667,0.7728396221800002,123.87762927333334,71.63288782000001,1.0
1.7083333333000001,-0.46623567152,1.4497126698800002,0.7758619902600001,123.92985457000002,71.78956371000001,1.0
1.7166666667000001,-0.46889347350999994,1.4570400934733334,0.7788797196800004,123.98196843000001,71.94590529000001,1.0
1.725,-0.47155358349,1.46436905566,0.7818928330200001,124.03397156666666,72.10191470000001,1.0
1.7333333332999998,-0.47421599132000003,1.4716995497466665,0.7849013506599997,124.08586462,72.25759385999999,1.0
1.7416666667,-0.47688068604,1.4790315684933333,0.7879052946200001,124.13764826333333,72.41294479000001,1.0
1.7500000000000002,-0.47954765682,1.4863651045466668,0.7909046863600001,124.18932317000001,72.56796951000001,1.0
1.7583333333,-0.48221689392999995,1.4937001514866666,0.79389954544,124.24088995666666,72.72266987,1.0
1.7666666667000002,-0.48488838593,1.5010367017533333,0.7968898948400003,124.29234931666667,72.87704794999999,1.0
1.775,-0.48756212339000005,1.5083747489266666,0.7998757532199998,124.34370184333333,73.03110552999999,1.0
1.7833333332999999,-0.49023809582,1.51571428608,0.8028571416599998,124.39494818333333,73.18484455000001,1.0
1.7916666667,-0.4929162931,1.5230553065333334,0.8058340805000002,124.44608896,73.33826687999999,1.0
1.7999999999999998,-0.49559670534,1.5303978035599999,0.8088065893199997,124.49712478333333,73.49137435,1.0
1.8083333333,-0.49827932241,1.5377417704733332,0.8117746884800001,124.54805627333333,73.64416882,1.0
1.8166666666999998,-0.5009641345,1.5450872007999998,0.8147383976999998,124.59888403666666,73.79665211,1.0
1.825,-0.5036511317100001,1.5524340878066667,0.8176977365799998,124.64960867666666,73.94882602999999,1.0
1.8333333333,-0.50634030454,1.5597824252266665,0.82065272422,124.70023077333333,74.10069232000001,1.0
1.8416666667,-0.50903164341,1.5671322067399998,0.82360337988,124.75075092000002,74.25225276,1.0
1.8499999999999999,-0.51172513865,1.5744834257666664,0.8265497226999999,124.80116969666666,74.40350909,1.0
1.8583333333,-0.51442078123,1.5818360763533335,0.8294917708399999,124.85148766333333,74.55446298999999,1.0
1.8666666666999998,-0.51711856108,1.5891901518533331,0.8324295445399998,124.90170542666665,74.70511628,1.0
1.875,-0.51981846953,1.5965456463533334,0.8353630609399999,124.95182351333334,74.85547054,1.0
1.8833333333,-0.52252049738,1.6039025537866665,0.8382923385400001,125.00184248666666,75.00552746,1.0
1.8916666667,-0.5252246349299999,1.611260867753333,0.8412173968400002,125.05176292333333,75.15528877,1.0
1.9,-0.52793087384,1.6186205825599997,0.84413825232,125.10158534,75.30475602000001,1.0
1.9083333333,-0.53063920456,1.6259816919066667,0.84705492418,125.15131030333333,75.45393091,1.0
1.9166666666999999,-0.5333496187200001,1.6333441902799999,0.8499674292599998,125.20093832666667,75.60281498,1.0
1.925,-0.53606210697,1.6407080713133333,0.85287578606,125.25046996666667,75.7514099,1.0
1.9333333333,-0.53877666097,1.6480733295133334,0.85578001136,125.29990572666668,75.89971718000001,1.0
1.9416666667,-0.54149327222,1.65543995928,0.8586801222599999,125.34924612333333,76.04773836999999,1.0
1.95,-0.54421193132,1.6628079542133332,0.8615761373599999,125.39849170666666,76.19547512,1.0
1.9583333333000001,-0.54693263053,1.67017730922,0.8644680722400002,125.44764295,76.34292884999999,1.0
1.9666666667,-0.5496553607,1.6775480182666664,0.8673559453,125.49670039666667,76.49010118999999,1.0
1.975,-0.55238011408,1.6849200760533334,0.8702397718400001,125.54566451000001,76.63699353000001,1.0
1.9833333333,-0.55510688235,1.6922934771,0.8731195686,125.59453579000001,76.78360737,1.0
1.9916666667,-0.55783565647,1.6996682154466667,0.87599535376,125.64331476666666,76.92994429999999,1.0
2.0,-0.56056642904,1.7070442860266666,0.8788671419199999,125.69200188999999,77.07600567,1.0
2.0083333333,-0.56329919166,1.7144216833066666,0.8817349499799999,125.74059765,77.22179295000001,1.0
2.0166666667,-0.56603393629,1.7218004019933333,0.88459879412,125.78910252666667,77.36730757999999,1.0
2.025,-0.56877065493,1.72918043662,0.8874586901399999,125.83751699666668,77.51255099,1.0
2.0333333333000003,-0.57150933964,1.73656178196,0.8903146540200004,125.88584152333333,77.65752456999999,1.0
2.0416666667,-0.5742499829,1.7439444330666665,0.8931667008999998,125.93407656,77.80222968000001,1.0
2.0500000000000003,-0.5769925759000001,1.7513283839333333,0.8960148482000001,125.98222261000001,77.94666783,1.0
2.0583333333000002,-0.5797371119,1.7587136301333335,0.8988591095000001,126.03028008666666,78.09084026,1.0
2.0666666667,-0.58248358297,1.766100166446667,0.90169950076,126.07824945,78.23474834999999,1.0
2.075,-0.5852319815,1.7734879876666665,0.9045360370000002,126.12613114666665,78.37839344,1.0
2.0833333333,-0.58798229939,1.78087708846,0.90736873452,126.17392565,78.52177695,1.0
2.0916666667,-0.5907345298500001,1.7882674643666667,0.9101976069999999,126.22163336333334,78.66490009,1.0
2.1,-0.59348866517,1.7956591101133335,0.9130226696600001,126.26925473666665,78.80776420999999,1.0
2.1083333333,-0.59624469796,1.80305202084,0.91584393738,126.31679019666667,78.95037059,1.0
2.1166666667,-0.59900262091,1.8104461917399999,0.9186614248800001,126.36424017333333,79.09272052,1.0
2.125,-0.6017624269499999,1.8178416179666663,0.9214751461000001,126.41160508333333,79.23481525,1.0
2.1333333333,-0.60452410821,1.82523829434,0.9242851168799998,126.45888537333333,79.37665612,1.0
2.1416666667,-0.60728765819,1.832636216593333,0.92709135032,126.50608143,79.51824429000001,1.0
2.15,-0.61005306957,1.8400353797133333,0.9298938608599997,126.55319368,79.65958104,1.0
2.1583333333,-0.6128203353,1.8474357790666665,0.9326926627,126.60022252666666,79.80066758000001,1.0
2.1666666667000003,-0.6155894483900001,1.8548374100600002,0.93548776992,126.64716837666667,79.94150513,1.0
2.175,-0.6183604018800001,1.8622402679199999,0.9382791962399998,126.69403163333334,80.08209489999999,1.0
2.1833333333,-0.62113318889,1.8696443481266665,0.9410669555199997,126.74081269666665,80.22243809,1.0
2.1916666667,-0.6239078028499999,1.8770496463666666,0.9438510610000005,126.78751194333334,80.36253583000001,1.0
2.1999999999999997,-0.62668423617,1.8844561574466665,0.9466315276599997,126.83412980666667,80.50238941999999,1.0
2.2083333332999997,-0.62946248292,1.8918638774799998,0.9494083674599998,126.88066663333332,80.6419999,1.0
2.2166666666999997,-0.6322425363899999,1.8992728020599998,0.9521815939199998,126.92712281333333,80.78136844,1.0
2.225,-0.63502438919,1.906682926126667,0.95495122162,126.97349876,80.92049628000001,1.0
2.2333333333,-0.63780803559,1.9140942459266665,0.9577172621200001,127.01979481333335,81.05938444,1.0
2.2416666667,-0.64059346853,1.92150675682,0.96047972964,127.06601136666666,81.1980341,1.0
2.25,-0.64338068178,1.92892045452,0.96323863644,127.11214878666665,81.33644636,1.0
2.2583333333,-0.6461696688299999,1.9363353347533332,0.9659939956400002,127.15820744333332,81.47462232999999,1.0
2.2666666667,-0.64896042357,1.9437513935133333,0.96874581956,127.20418768666667,81.61256306000001,1.0
2.275,-0.65175293884,1.9511686258933332,0.9714941223199999,127.25008991666668,81.75026975,1.0
2.2833333333,-0.65454720921,1.9585870283399998,0.9742389148799999,127.29591445,81.88774335,1.0
2.2916666667,-0.657343228,1.9660065964666664,0.9769802106999999,127.34166166666667,82.02498499999999,1.0
2.3,-0.6601409887499999,1.973427325833333,0.9797180225000001,127.38733193,82.16199578999999,1.0
2.3083333333000002,-0.6629404859,1.9808492128000001,0.9824523615000001,127.43292556,82.29877668,1.0
2.3166666666999998,-0.66574171306,1.9882722531733332,0.9851832405799997,127.47844292,82.43532876,1.0
2.325,-0.66854466417,1.9956964427800001,0.98791067166,127.52388435,82.57165305000001,1.0
2.3333333333,-0.67134933318,2.003121777653333,0.9906346669400001,127.56925019333335,82.70775058000001,1.0
2.3416666667,-0.67415571411,2.010548253873333,0.9933552384800003,127.61454078666668,82.84362236000001,1.0
2.35,-0.67696380102,2.0179758673466663,0.9960723979600002,127.65975647,82.97926941,1.0
2.3583333333,-0.67977358802,2.025404614213333,0.9987861572600001,127.70489757,83.11469271000001,1.0
2.3666666667,-0.68258506923,2.03283449062,1.0014965282400001,127.74996442333334,83.24989327,1.0
2.375,-0.6853982388500001,2.0402654925666663,1.0042035223,127.79495735333334,83.38487205999999,1.0
2.3833333333,-0.6882130911,2.0476976162666665,1.0069071511,127.83987668666667,83.51963006,1.0
2.3916666667,-0.69102962024,2.05513085796,1.0096074262199997,127.88472274666667,83.65416823999999,1.0
2.4,-0.6938478205899999,2.0625652137266663,1.0123043588200002,127.92949584666667,83.78848754,1.0
2.4083333333,-0.6966676868,2.0700006800666664,1.0149979596999996,127.97419629666666,83.92258888999999,1.0
2.4166666667,-0.6994892124100001,2.07743725274,1.0176882418799997,128.01882444666668,84.05647334,1.0
2.4250000000000003,-0.70231239251,2.08487492834,1.02037521498,128.06338057666667,84.19014173,1.0
2.4333333333000002,-0.70513722153,2.0923137032200003,1.0230588902400002,128.107865,84.32359500000001,1.0
2.4416666667,-0.70796369388,2.09975357372,1.0257392789400002,128.15227802666666,84.45683408,1.0
2.45,-0.7107918041,2.1071945360666664,1.0284163918000004,128.19661996,84.58985988,1.0
2.4583333333,-0.71362154687,2.11463658678,1.0310902395600001,128.2408911,84.7226733,1.0
2.4666666667,-0.71645291651,2.1220797221399996,1.0337608336800002,128.28509176,84.85527528,1.0
2.475,-0.71928590797,2.129523938646667,1.03642818406,128.32922222333335,84.98766667000001,1.0
2.4833333333,-0.72212051631,2.136969233073333,1.0390923006800001,128.37328276333332,85.11984829,1.0
2.4916666667,-0.72495673486,2.14441560104,1.0417531969799998,128.41727374333334,85.25182122999999,1.0
2.5,-0.72779455978,2.151863039853333,1.04441088044,128.46119538666667,85.38358616,1.0
2.5083333333,-0.73063398541,2.1593115458066663,1.0470653624800002,128.50504800333331,85.51514401,1.0
2.5166666667,-0.73347500659,2.1667611155266666,1.04971665352,128.54883187666667,85.64649563,1.0
2.5250000000000004,-0.73631761858,2.17421174572,1.0523647628400004,128.59254727333334,85.77764182000001,1.0
2.5333333333,-0.73916181507,2.1816634322466664,1.0550097031599996,128.63619453333334,85.90858359999999,1.0
2.5416666667000003,-0.74200759222,2.1891161726133337,1.0576514822600003,128.67977387333335,86.03932162000001,1.0
2.55,-0.74485494461,2.1965699630733333,1.0602901107799996,128.72328559666667,86.16985679000001,1.0
2.5583333333,-0.74770386724,2.2040248003599996,1.0629255988199997,128.76672997333333,86.30018992000001,1.0
2.5666666667,-0.75055435515,2.211480681233333,1.0655579564000002,128.81010727666668,86.43032183,1.0
2.5749999999999997,-0.75340640341,2.218937602273333,1.0681871931799996,128.85341778,86.56025334,1.0
2.5833333332999997,-0.75626000738,2.2263955604533328,1.07081331854,128.8966617366667,86.68998521,1.0
2.5916666666999997,-0.75911516174,2.233854552293333,1.0734363432199996,128.9398394366667,86.81951831,1.0
2.6,-0.7619718615900001,2.2413145743933334,1.0760562768199997,128.98295115,86.94885345,1.0
2.6083333333,-0.7648301026800001,2.2487756239866665,1.0786731279400001,129.02599711000002,87.07799133,1.0
2.6166666667,-0.76768988,2.2562376978,1.0812869067,129.06897759,87.20693277000001,1.0
2.625,-0.7705511888,2.2637007925333332,1.0838976224000003,129.11189285333333,87.33567855999999,1.0
2.6333333333,-0.77341402439,2.2711649051266667,1.0865052845199998,129.15474315,87.46422945,1.0
2.6416666667,-0.7762783821,2.278630032533333,1.0891099024999997,129.19752874,87.59258621999999,1.0
2.65,-0.77914425729,2.2860961715266663,1.0917114854199998,129.24024987333334,87.72074961999999,1.0
2.6583333333,-0.78201164535,2.2935633190999996,1.0943100426,129.2829068,87.84872039999999,1.0
2.6666666667,-0.7848805417100001,2.3010314722733334,1.0969055832799994,129.32549977,87.97649931000001,1.0
2.675,-0.78775094181,2.3085006278733333,1.0994981163799995,129.36802903333333,88.10408709999999,1.0
2.6833333333,-0.79062284115,2.3159707829666663,1.1020876509999997,129.41049483333333,88.2314845,1.0
2.6916666666999998,-0.79349623522,2.3234419346133333,1.1046741962599995,129.45289741666667,88.35869224999999,1.0
2.7,-0.79637111956,2.3309140797066665,1.1072577608800005,129.49523701666666,88.48571104999999,1.0
2.7083333333,-0.7992474900300001,2.3383872155533334,1.1098383532400002,129.53751387,88.61254161,1.0
2.7166666667,-0.8021253414,2.345861338733333,1.1124159839,129.57972825,88.73918474999999,1.0
2.725,-0.8050046701099999,2.3533364467399998,1.1149906597800006,129.62188035333335,88.86564106,1.0
2.7333333333,-0.8078854715499999,2.3608125365666663,1.1175623902000003,129.66397042999998,88.99191128999999,1.0
2.7416666667,-0.81076774139,2.368289605393333,1.1201311839200003,129.70599871,89.11799613,1.0
2.75,-0.8136514753599999,2.37576765024,1.1226970492800001,129.74796542666667,89.24389628,1.0
2.7583333333,-0.81653666917,2.3832466683133333,1.12525999496,129.78987081333332,89.36961244,1.0
2.7666666667,-0.8194233186000001,2.3907266568666667,1.1278200294999996,129.83171509333332,89.49514528,1.0
2.775,-0.82231141944,2.39820761296,1.1303771611199998,129.87349849333333,89.62049547999999,1.0
2.7833333333,-0.8252009675099999,2.405689533873333,1.1329313982800002,129.91522124000002,89.74566372000001,1.0
2.7916666667,-0.82809195864,2.413172416893333,1.13548274942,129.95688355666667,89.87065067,1.0
2.8000000000000003,-0.83098438872,2.420656259146667,1.13803122256,129.99848566333333,89.99545699000001,1.0
2.8083333333000002,-0.83387825363,2.4281410579533333,1.1405768260400002,130.04002778333333,90.12008334999999,1.0
2.8166666667,-0.8367735492999999,2.4356268106666663,1.1431195681000004,130.08151013333335,90.2445304,1.0
2.825,-0.83967027168,2.4431135144533336,1.1456594566400002,130.12293293000002,90.36879879,1.0
2.8333333333,-0.84256841697,2.4506011668466665,1.1481964993600005,130.16429637666667,90.49288913000001,1.0
2.8416666667,-0.84546798048,2.4580897647866666,1.15073070574,130.20560072333333,90.61680217,1.0
2.85,-0.8483689589200001,2.4655793059466666,1.15326208216,130.24684614666668,90.74053844,1.0
2.8583333333,-0.85127134842,2.4730697878133334,1.15579063646,130.28803285666666,90.86409857000001,1.0
2.8666666667,-0.8541751441200001,2.4805612072133334,1.15831637846,130.32916110333335,90.98748330999999,1.0
2.875,-0.85708034305,2.488053562033333,1.1608393139000002,130.37023105333333,91.11069316000001,1.0
2.8833333333,-0.8599869410200001,2.495546849546667,1.1633594512599996,130.41124293,91.23372878999999,1.0
2.8916666667,-0.86289493418,2.503041067253333,1.1658767983400002,130.45219693333334,91.35659079999999,1.0
2.9000000000000004,-0.86580431869,2.51053621246,1.1683913626200004,130.49309327,91.47927981000001,1.0
2.9083333333,-0.86871509075,2.5180322826999997,1.1709031518000002,130.53393214333335,91.60179643000001,1.0
2.9166666667000003,-0.87162724657,2.5255292755133336,1.17341217356,130.57471375,91.72414125,1.0
2.9250000000000003,-0.87454078239,2.53302718826,1.1759184352200003,130.61543829666667,91.84631489,1.0
2.9333333333,-0.8774556944799999,2.5405260185199996,1.1784219443399997,130.65610597333333,91.96831792,1.0
2.9416666667,-0.8803719792800001,2.548025763986667,1.1809227081400002,130.69671697666666,92.09015093,1.0
2.9499999999999997,-0.8832896325899999,2.5555264217266664,1.1834207348199999,130.73727152,92.21181456,1.0
2.9583333332999997,-0.88620865126,2.5630279897066663,1.1859160307799996,130.77776977666667,92.33330932999999,1.0
2.9666666667,-0.88912903147,2.5705304654466667,1.1884086037600001,130.81821194666668,92.45463584000001,1.0
2.9749999999999996,-0.89205076998,2.578033846653333,1.1908984600399997,130.85859820333334,92.57579461,1.0
2.9833333333,-0.89497386228,2.5855381303866665,1.1933856087399999,130.89892877666668,92.69678633000001,1.0
2.9916666667,-0.89789830515,2.5930433145666667,1.1958700564,130.93920384333333,92.81761153,1.0
3.0,-0.9008240954500001,2.6005493969666666,1.1983518091,130.97942357,92.93827071000001,1.0
3.0083333333,-0.90375122938,2.60805637512,1.2008308745399998,131.01958815666669,93.05876447,1.0
3.0166666667,-0.90667970341,2.61556424674,1.2033072598799999,131.05969778333335,93.17909334999999,1.0
3.025,-0.9096095140500001,2.6230730093666663,1.2057809718999999,131.09975264,93.29925792,1.0
3.0333333333,-0.9125406578199999,2.6305826607466667,1.2082520176599998,131.13975290666667,93.41925871999999,1.0
3.0416666667,-0.9154731312600001,2.63809319864,1.2107204041799995,131.17969876666666,93.53909630000001,1.0
3.05,-0.91840693094,2.645604620626666,1.21318613812,131.2195903966667,93.65877119000001,1.0
3.0583333333,-0.92134205344,2.6531169244933333,1.2156492264199996,131.25942798,93.77828394,1.0
3.0666666666999998,-0.92427849537,2.660630108046666,1.21810967596,131.29921169333332,93.89763507999999,1.0
3.075,-0.92721625336,2.6681441689066667,1.22056749328,131.33894171,94.01682513,1.0
3.0833333333,-0.9301553240400001,2.675659104893333,1.2230226852199997,131.37861821,94.13585463000001,1.0
3.0916666667,-0.93309570408,2.6831749138533336,1.2254752585400004,131.41824136666665,94.2547241,1.0
3.1,-0.9360373901799999,2.690691593453333,1.2279252196400006,131.45781135000001,94.37343404999999,1.0
3.1083333333,-0.93898037902,2.6982091415466667,1.2303725752599999,131.49732834,94.49198501999999,1.0
3.1166666667,-0.9419246676299999,2.70572755622,1.2328173314400002,131.53679248666666,94.61037746,1.0
3.125,-0.94487025188,2.7132468345866667,1.2352594962400003,131.57620400333334,94.72861201,1.0
3.1333333333,-0.9478171298699999,2.720766975446667,1.2376990735600004,131.61556299666665,94.84668898999999,1.0
3.1416666667,-0.95076529667,2.72828797558,1.2401360733599998,131.65486970999999,94.96460913000001,1.0
3.15,-0.9537147505,2.7358098336666665,1.2425704989999997,131.69412425,95.08237274999999,1.0
3.1583333333,-0.9566654876999999,2.743332547333333,1.2450023578999998,131.7333268033333,95.19998041,1.0
3.1666666667,-0.9596175051199999,2.7508561145466666,1.2474316564600003,131.77247753333333,95.31743259999999,1.0
3.175,-0.9625707996,2.758380533066666,1.2498584008,131.81157660333335,95.43472981,1.0
3.1833333333000002,-0.96552536801,2.765905800873333,1.2522825972800005,131.85062417333333,95.55187251999999,1.0
3.1916666667,-0.96848120725,2.773431915966667,1.2547042522000003,131.88962040666667,95.66886122,1.0
3.2,-0.97143831423,2.7809588761533335,1.2571233715399999,131.92856546666667,95.7856964,1.0
3.2083333333,-0.97439668586,2.78848667944,1.2595399615800003,131.96745951,95.90237853,1.0
3.2166666667,-0.9773563191,2.7960153238666665,1.2619540285,132.00630269666667,96.01890809,1.0
3.225,-0.9803172109,2.803544807266667,1.2643655782,132.04509518,96.13528554000001,1.0
3.2333333333,-0.9832793582399999,2.811075127693333,1.2667746168200003,132.08383712,96.25151136,1.0
3.2416666667,-0.9862427584199999,2.818606283413333,1.26918114986,132.12252865666667,96.36758597,1.0
3.25,-0.9892074075399999,2.8261382716933334,1.2715851849200002,132.16116998666666,96.48350995999999,1.0
3.2583333333,-0.9921733035500001,2.833671091233333,1.2739867262,132.19976122333333,96.59928367,1.0
3.2666666667,-0.9951404431699999,2.8412047399133336,1.27638578036,132.23830253,96.71490759,1.0
3.2750000000000004,-0.99810882388,2.8487392159200002,1.2787823522400004,132.27679404,96.83038212,1.0
3.2833333333000003,-1.0010784416,2.8562745166,1.2811764501,132.31523596333332,96.94570789,1.0
3.2916666667000003,-1.0040492945,2.8638106407999997,1.2835680777000007,132.35362839,97.06088517,1.0
3.3000000000000003,-1.0070213793999998,2.8713475862666664,1.2859572412000007,132.39197149,97.17591447000001,1.0
3.3083333333000002,-1.0099946939,2.8788853514666664,1.2883439455000003,132.43026539000002,97.29079617,1.0
3.3166666667,-1.0129692337,2.8864239336,1.2907281993,132.46851029333334,97.40553087999999,1.0
3.325,-1.0159449973999999,2.8939633316,1.2931100052000002,132.50670629,97.52011887,1.0
3.3333333333,-1.0189219816,2.9015035432666663,1.2954893701000005,132.54485354666667,97.63456063999999,1.0
3.3416666667,-1.0219001836000001,2.9090445668666662,1.2978662994999999,132.58295220333332,97.74885660999999,1.0
3.35,-1.0248796006,2.9165864004,1.3002407988000002,132.62100240666666,97.86300721999999,1.0
3.3583333333,-1.0278602299,2.924129042133333,1.3026128735000002,132.6590043,97.9770129,1.0
3.3666666667,-1.0308420685,2.931672490133333,1.3049825297000004,132.69695802,98.09087406,1.0
3.375,-1.0338251139,2.9392167425999998,1.3073497722,132.73486371,98.20459113000001,1.0
3.3833333333000004,-1.0368093632,2.9467617976666665,1.3097146069000007,132.77272151,98.31816452999999,1.0
3.3916666667000004,-1.0397948137000002,2.9543076536,1.3120770393000003,132.81053156,98.43159467999999,1.0
3.4000000000000004,-1.0427814628,2.9618543085333333,1.3144370744000005,132.84829399666668,98.54488199,1.0
3.4083333333000003,-1.0457693083,2.969401761066667,1.3167947167000003,132.88600893333333,98.65802679999999,1.0
3.4166666667000003,-1.0487583459,2.9769500084000002,1.3191499749000002,132.92367657666668,98.77102973000001,1.0
3.4250000000000003,-1.0517485746,2.9844990497333335,1.3215028508000004,132.96129699666668,98.88389099,1.0
3.4333333333000002,-1.0547399912,2.992048883,1.3238533509000003,132.99887034666668,98.99661104,1.0
3.4416666667,-1.0577325929999999,2.9995995064666667,1.3262014807000004,133.03639676333333,99.10919028999999,1.0
3.45,-1.0607263775,3.007150918333333,1.3285472450000002,133.07387637666668,99.22162913,1.0
3.4583333333,-1.063721342,3.0147031168666665,1.3308906493000001,133.11130932333333,99.33392796999999,1.0
3.4666666667,-1.066717484,3.0222561004666666,1.3332316987000004,133.1486957333333,99.4460872,1.0
3.4750000000000005,-1.0697148009000002,3.0298098672666667,1.3355703982000005,133.18603573666667,99.55810721,1.0
3.4833333332999996,-1.0727132901,3.0373644155999995,1.3379067530999997,133.22332946333333,99.66998838999999,1.0
3.4916666667000005,-1.0757129491,3.0449197438666666,1.3402407685000008,133.26057704333334,99.78173113,1.0
3.5000000000000004,-1.0787137753,3.0524758502000005,1.3425724494000002,133.29777860666667,99.89333582,1.0
3.5083333332999995,-1.0817157665000001,3.0600327332,1.344901800299999,133.33493427,100.00480281,1.0
3.5166666667000004,-1.0847189196,3.0675903908666666,1.3472288275000006,133.37204418666667,100.11613256000001,1.0
3.5249999999999995,-1.0877232328,3.0751488218666663,1.3495535343999994,133.40910844666666,100.22732534,1.0
3.5333333333,-1.0907287028,3.082708024066666,1.3518759277,133.44612722,100.33838166000001,1.0
3.5416666667000003,-1.0937353279000002,3.0902679964,1.3541960109,133.48310059666667,100.44930178999999,1.0
3.55,-1.0967431053,3.097828736866666,1.3565137894,133.52002871,100.56008613,1.0
3.5583333333,-1.099752033,3.1053902441999996,1.3588292672999998,133.55691167,100.67073500999999,1.0
3.5666666666999998,-1.1027621075,3.1129525161333333,1.3611424516999995,133.59374964333333,100.78124893,1.0
3.5749999999999997,-1.1057733274,3.1205155515999996,1.3634533451999997,133.63054271,100.89162812999999,1.0
3.5833333332999997,-1.10878569,3.1280793488666667,1.3657619532999998,133.667291,101.00187299999999,1.0
3.5916666666999997,-1.111799193,3.135643906466666,1.3680682806999998,133.70399464,101.11198392,1.0
3.5999999999999996,-1.1148138338,3.143209222533333,1.3703723323999997,133.74065375,101.22196124999999,1.0
3.6083333332999996,-1.1178296102,3.150775295666666,1.3726741128999997,133.77726844333333,101.33180533000001,1.0
3.6166666666999996,-1.1208465199,3.1583421243999994,1.3749736269,133.81383884333334,101.44151653,1.0
3.6249999999999996,-1.1238645604,3.165909706933333,1.3772708791999997,133.85036506999998,101.55109521,1.0
3.6333333333,-1.1268837295,3.1734780418666664,1.3795658743,133.88684723333333,101.66054170000001,1.0
3.6416666667,-1.1299040248999999,3.181047127733333,1.3818586169,133.92328545333334,101.76985636,1.0
3.65,-1.1329254444,3.188616962933333,1.3841491111999997,133.95967984333333,101.87903953,1.0
3.6583333333,-1.1359479852,3.196187545666666,1.3864373628999997,133.99603053,101.98809159000001,1.0
3.6666666667,-1.1389716455999999,3.203758874866666,1.3887233755000001,134.03233761666667,102.09701285,1.0
3.675,-1.1419964231,3.211330948733333,1.3910071537999997,134.06860121666668,102.20580365000001,1.0
3.6833333333,-1.1450223154999999,3.218903765866666,1.3932887023,134.10482145,102.31446435000001,1.0
3.6916666666999998,-1.1480493205,3.2264773248,1.3955680256999996,134.14099842333334,102.42299527,1.0
3.6999999999999997,-1.1510774359,3.234051623933333,1.3978451281999997,134.17713225,102.53139675,1.0
3.7083333332999997,-1.1541066596,3.241626661933333,1.4001200140999996,134.21322304333333,102.63966912999999,1.0
3.7166666666999997,-1.1571369894999999,3.2492024374666664,1.4023926876999997,134.24927089666667,102.74781268999999,1.0
3.7249999999999996,-1.1601684231,3.256778948733333,1.4046631537999996,134.28527594333335,102.85582783000001,1.0
3.7333333333,-1.1632009576,3.264356193933333,1.4069314181,134.32123831666667,102.96371495,1.0
3.7416666666999996,-1.1662345924000002,3.2719341727333333,1.409197481899999,134.35715806,103.07147418,1.0
3.75,-1.1692693241,3.279512882733333,1.4114613517999999,134.39303533333333,103.17910599999999,1.0
3.7583333333,-1.1723051507,3.2870923226666666,1.4137230318999998,134.42887023333333,103.28661070000001,1.0
3.7666666667,-1.1753420706,3.2946724915333334,1.4159825254999998,134.46466285,103.39398854999999,1.0
3.775,-1.1783800814,3.3022533875999995,1.4182398372,134.5004133,103.5012399,1.0
3.7833333333,-1.1814191809,3.309835009466666,1.4204949715,134.53612169,103.60836506999999,1.0
3.7916666667,-1.1844593675000001,3.3174173561333333,1.4227479316999996,134.57178811,103.71536433,1.0
3.8,-1.1875006378,3.3250004252,1.4249987244,134.60741271333333,103.82223814,1.0
3.8083333333,-1.1905429909999998,3.3325842161999994,1.4272473513000004,134.64299555,103.92898665000001,1.0
3.8166666666999998,-1.1935864245,3.3401687274666667,1.4294938176999994,134.67853675,104.03561024999999,1.0
3.8249999999999997,-1.1966309365,3.347753957666666,1.4317381269999996,134.71403640666668,104.14210922000001,1.0
3.8333333333,-1.1996765248,3.3553399053999997,1.4339802837,134.74949461999998,104.24848386,1.0
3.8416666667,-1.2027231875,3.3629265694666666,1.4362202917,134.78491149333334,104.35473447999999,1.0
3.85,-1.2057709222,3.370513948133333,1.4384581556000005,134.8202871466667,104.46086144,1.0
3.8583333333,-1.2088197266,3.3781020399333332,1.4406938801000002,134.85562168333334,104.56686504999999,1.0
3.8666666667,-1.2118695996,3.3856908442,1.4429274675000001,134.89091517,104.67274551,1.0
3.875,-1.2149205392,3.393280359466666,1.4451589216,134.92616770333333,104.77850311,1.0
3.8833333333,-1.2179725422,3.4008705836666664,1.4473882488999998,134.96137944,104.88413832,1.0
3.8916666667,-1.2210256078,3.408461516333333,1.4496154511000003,134.99655042333333,104.98965127,1.0
3.9,-1.2240797336,3.4160531557333336,1.4518405328,135.03168077,105.09504231,1.0
3.9083333333,-1.2271349177000002,3.4236455006666664,1.4540634978999998,135.06677057333334,105.20031172,1.0
3.9166666667,-1.2301911581,3.4312385498666664,1.4562843505,135.10181993666666,105.30545981,1.0
3.925,-1.2332484528999998,3.438832301933333,1.4585030942000001,135.13682895333332,105.41048685999999,1.0
3.9333333333000002,-1.2363068006,3.446426755933333,1.4607197321000003,135.17179770333334,105.51539310999999,1.0
3.9416666666999998,-1.2393661979,3.454021909733333,1.4629342709,135.20672633333334,105.62017900000001,1.0
3.95,-1.2424266442999998,3.4616177628666667,1.4651467114000003,135.24161488333334,105.72484465,1.0
3.9583333333,-1.2454881378,3.469214314066667,1.4673570577,135.27646345000002,105.82939035000001,1.0
3.9666666667,-1.2485506753,3.4768115613333332,1.4695653161000004,135.31127218333333,105.93381654999999,1.0
3.975,-1.2516142561999999,3.4844095041333327,1.4717714876000003,135.34604112,106.03812335999999,1.0
3.9833333333,-1.2546788784,3.4920081411333332,1.4739755765,135.38077036,106.14231108000001,1.0
3.9916666667,-1.2577445391,3.499607470533333,1.4761775885000001,135.41546003,106.24638009,1.0
4.0,-1.2608112376,3.5072074917333333,1.4783775248,135.45011018666665,106.35033056,1.0
4.0083333333,-1.2638789714999998,3.5148082032,1.480575390300001,135.48472093666666,106.45416281000001,1.0
4.0166666667,-1.266947739,3.5224096038,1.4827711887000001,135.5192923666667,106.55787710000001,1.0
4.025,-1.2700175383999999,3.5300116922666662,1.4849649232000006,135.55382457,106.66147371,1.0
4.0333333333,-1.2730883678,3.5376144673999996,1.4871565977,135.5883176366667,106.76495291,1.0
4.0416666667,-1.2761602254,3.5452179280666667,1.4893462159000004,135.62277165333333,106.86831495999999,1.0
4.05,-1.2792331093,3.5528220728666664,1.4915337814,135.65718671,106.97156013,1.0
4.0583333333,-1.2823070178,3.5604269007333333,1.4937192977000002,135.6915629,107.0746887,1.0
4.0666666667,-1.2853819492,3.5680324105999994,1.4959027682999997,135.72590030666666,107.17770092,1.0
4.075,-1.2884579016,3.5756386010666668,1.4980841968,135.76019902,107.28059705999999,1.0
4.083333333300001,-1.2915348732,3.583245471,1.5002635869000007,135.79445912333333,107.38337737,1.0
4.0916666667,-1.2946128623,3.5908530193333332,1.5024409421,135.82868071,107.48604212999999,1.0
4.1000000000000005,-1.2976918672,3.5984612448,1.5046162656000004,135.86286386,107.58859158000001,1.0
4.1083333333,-1.3007718861,3.606070146266666,1.5067895611000004,135.89700866333334,107.69102599000001,1.0
4.1166666667000005,-1.3038529172,3.6136797226000006,1.5089608323000006,135.93111520333332,107.79334560999999,1.0
4.125,-1.3069349594,3.621289972933333,1.5111300812000001,135.96518354666668,107.89555064000001,1.0
4.1333333333,-1.3100180098,3.6289008954,1.5132973137,135.99921382666665,107.99764148,1.0
4.1416666667,-1.3131020671,3.6365124892,1.5154625325,136.03320610333333,108.09961831000001,1.0
4.15,-1.3161871301999999,3.6441247534666665,1.5176257396000006,136.06716043999998,108.20148132,1.0
4.1583333333,-1.319273197,3.6517376868666664,1.5197869392999996,136.10107693666666,108.30323081,1.0
4.1666666667,-1.3223602659,3.6593512884,1.5219461349000003,136.13495567666666,108.40486702999999,1.0
4.175,-1.3254483353,3.6669655568666664,1.5241033294,136.16879673,108.50639018999999,1.0
4.1833333333,-1.3285374034,3.6745804911333337,1.5262585265000004,136.20260019333332,108.60780058,1.0
4.1916666667,-1.331627468,3.6821960897999997,1.5284117307,136.23636616333332,108.70909849,1.0
4.2,-1.3347185283,3.6898123521999997,1.5305629434000003,136.27009468999998,108.81028407,1.0
4.208333333300001,-1.3378105824,3.6974292771333332,1.5327121685000007,136.30378586666666,108.9113576,1.0
4.2166666667,-1.3409036286,3.705046863533333,1.5348594095,136.33743977,109.01231931000001,1.0
4.2250000000000005,-1.3439976658,3.7126651105333335,1.5370046684000007,136.37105646333333,109.11316939,1.0
4.2333333333,-1.3470926907999998,3.720284016066666,1.5391479517000004,136.40463609333332,109.21390828,1.0
4.2416666667000005,-1.3501887035,3.7279035801333333,1.5412892597000007,136.43817866666666,109.314536,1.0
4.25,-1.3532857019,3.7355238012666665,1.5434285962,136.47168429,109.41505287000001,1.0
4.2583333332999995,-1.356383685,3.743144678866666,1.5455659632999996,136.50515301333334,109.51545904,1.0
4.2666666667,-1.3594826492,3.7507662106,1.5477013682999996,136.53858499333333,109.61575497999999,1.0
4.275,-1.362582595,3.7583883966666667,1.5498348100000003,136.57198023,109.71594069,1.0
4.2833333333,-1.36568352,3.766011235533333,1.5519662932999998,136.60533882333334,109.81601647,1.0
4.2916666667,-1.3687854227,3.7736347262666667,1.5540958213,136.63866085666666,109.91598257000001,1.0
4.3,-1.3718883015999999,3.7812588677333325,1.5562233968,136.6719464,110.01583919999999,1.0
4.308333333299999,-1.3749921551000002,3.788883658933333,1.558349023099999,136.70519553333335,110.1155866,1.0
4.316666666700001,-1.3780969816000002,3.7965090988666668,1.5604727035000003,136.73840833,110.21522499,1.0
4.324999999999999,-1.3812027802,3.804135186799999,1.5625944395999996,136.77158484333333,110.31475452999999,1.0
4.3333333333,-1.3843095477,3.811761920666666,1.5647142378999996,136.80472521666667,110.41417565,1.0
4.3416666667,-1.3874172845,3.8193893007999997,1.5668320977000005,136.83782944666666,110.51348834000001,1.0
4.35,-1.3905259877,3.8270173251333333,1.5689480245999994,136.87089766333335,110.61269299,1.0
4.3583333333,-1.3936356565,3.8346459931999997,1.5710620203,136.90392990666666,110.71178972000001,1.0
4.3666666667,-1.3967462893,3.8422753039999997,1.5731740880999994,136.93692625999998,110.81077877999999,1.0
4.375,-1.3998578851999999,3.8499052567999996,1.5752842296000003,136.96988677,110.90966030999999,1.0
4.3833333332999995,-1.4029704407,3.857535849333333,1.5773924518999995,137.00281159333335,111.00843477999999,1.0
4.3916666667,-1.4060839562999998,3.8651670819999997,1.5794987541000003,137.03570071666667,111.10710215,1.0
4.3999999999999995,-1.4091984299,3.872798953266666,1.5816031401999995,137.06855424333332,111.20566273,1.0
4.4083333333,-1.41231386,3.8804314622,1.5837056132999996,137.10137224333334,111.30411673,1.0
4.416666666699999,-1.4154302451,3.888064607866666,1.5858061764999993,137.13415479,111.40246436999999,1.0
4.425,-1.4185475839,3.8956983892666663,1.5879048322000002,137.16690195,111.50070585,1.0
4.4333333333,-1.4216658747,3.9033328053333336,1.5900015839000003,137.19961379666665,111.59884138999999,1.0
4.4416666667,-1.4247851163,3.910967855333333,1.5920964341,137.23229040333334,111.69687121000001,1.0
4.45,-1.4279053070999999,3.9186035380666664,1.5941893858000007,137.26493183333332,111.79479549999999,1.0
4.4583333333,-1.4310264458,3.9262398527333326,1.5962804417,137.29753816333334,111.89261449,1.0
4.4666666667,-1.4341485314,3.9338767987333334,1.5983696039000002,137.33010943333332,111.99032829999999,1.0
4.475,-1.437271561,3.9415143739999996,1.6004568779999995,137.36264578666666,112.08793736000001,1.0
4.4833333333,-1.4403955346000001,3.9491525786,1.6025422640999996,137.39514722,112.18544166000001,1.0
4.4916666667,-1.4435204507,3.9567914116,1.6046257652999998,137.42761381333332,112.28284144,1.0
4.5,-1.4466463071,3.9644308714,1.6067073858,137.46004567,112.38013701,1.0
4.5083333332999995,-1.4497731030999998,3.9720709575999997,1.6087871270999996,137.49244282666666,112.47732848000001,1.0
4.5166666667,-1.4529008370999998,3.9797116691999994,1.6108649925000005,137.52480535333333,112.57441606,1.0
4.5249999999999995,-1.4560295076999998,3.9873530051333326,1.6129409845999998,137.55713332666667,112.67139997999999,1.0
4.5333333333,-1.4591591136,3.9949949646,1.6150151060999998,137.58942681,112.76828043,1.0
4.541666666699999,-1.4622896534,4.002637546733332,1.6170873598999993,137.62168586666667,112.8650576,1.0
4.55,-1.4654211260999999,4.010280750733333,1.6191577478,137.65391054666668,112.96173164000001,1.0
4.5583333333,-1.4685535292,4.017924575,1.6212262749,137.68610097,113.05830291000001,1.0
4.5666666667,-1.4716868626,4.025569019533333,1.6232929415,137.71825715,113.15477145,1.0
4.575,-1.474821125,4.033214083333333,1.62535775,137.75037914666666,113.25113744000001,1.0
4.5833333333,-1.4779563134,4.040859764466666,1.6274207064999997,137.78246709333334,113.34740128000001,1.0
4.5916666667,-1.4810924282,4.048506063266666,1.6294818103,137.81452098333332,113.44356295,1.0
4.6,-1.4842294674999998,4.0561529783333325,1.6315410650000002,137.84654090333333,113.53962271,1.0
4.6083333333,-1.48736743,4.063800508866667,1.6335984733000002,137.87852692333334,113.63558076999999,1.0
4.6166666667,-1.4905063149,4.071448654399999,1.6356540368999994,137.91047907333333,113.73143722,1.0
4.625,-1.4936461193,4.079097412866666,1.6377077614,137.94239750333335,113.82719251,1.0
4.6333333333,-1.4967868434,4.0867467844666665,1.6397596465000006,137.97428219,113.92284656999999,1.0
4.6416666667,-1.4999284859,4.094396768399999,1.6418096949,138.00613321666665,114.01839964999999,1.0
4.65,-1.5030710445,4.1020473630000005,1.6438579110000004,138.03795067666667,114.11385203,1.0
4.6583333333,-1.5062145192,4.109698568333333,1.6459042948999996,138.06973458000002,114.20920373999999,1.0
4.6666666667,-1.5093589071,4.117350382533333,1.6479488525000001,138.10148506,114.30445517999999,1.0
4.675,-1.5125042083,4.125002805533333,1.6499915833999996,138.13320211666667,114.39960635,1.0
4.6833333333,-1.5156504212,4.132655836333333,1.6520324909000002,138.16488583333333,114.49465749999999,1.0
4.6916666667,-1.5187975443000001,4.1403094739999995,1.6540715780999997,138.19653627,114.58960880999999,1.0
4.7,-1.5219455765,4.147963717666666,1.6561088469999998,138.22815348666666,114.68446046,1.0
4.7083333333,-1.5250945166,4.155618566599999,1.6581443000999994,138.25973754333333,114.77921262999999,1.0
4.7166666667,-1.5282443635,4.163274020133333,1.6601779397000003,138.29128849333333,114.87386548,1.0
4.725,-1.5313951152,4.1709300767999995,1.6622097695999996,138.3228064266667,114.96841928,1.0
4.7333333333,-1.5345467713,4.1785867364,1.6642397907,138.35429137,115.06287411,1.0
4.7416666667,-1.5376993307,4.186243998266666,1.6662680052999999,138.38574337666668,115.15723012999999,1.0
4.75,-1.5408527909,4.1939018606,1.6682944182000001,138.41716255999998,115.25148768,1.0
4.7583333333,-1.5440071519,4.2015603234666665,1.6703190295000006,138.44854892333333,115.34564677,1.0
4.7666666667,-1.5471624122,4.2092193859333324,1.6723418422999998,138.47990254333334,115.43970762999999,1.0
4.775,-1.5503185706,4.216879047066667,1.6743628588000004,138.51122348,115.53367044000001,1.0
4.7833333333,-1.5534756257,4.224539306,1.6763820819,138.54251179333335,115.62753538000001,1.0
4.7916666667,-1.5566335765,4.232200162133333,1.6783995137000005,138.57376753333332,115.7213026,1.0
4.8,-1.5597924218,4.239861614533333,1.6804151563999996,138.60499076666667,115.8149723,1.0
4.8083333333,-1.5629521603,4.2475236624,1.6824290127000001,138.63618154666668,115.90854464,1.0
4.8166666667,-1.5661127909,4.255186305066666,1.6844410848999996,138.66733993,116.00201978999999,1.0
4.825,-1.5692743123000001,4.262849541533333,1.6864513754,138.69846597333333,116.09539792000001,1.0
4.833333333300001,-1.5724367236,4.2705133712666665,1.6884598861000004,138.72955973333333,116.1886792,1.0
4.8416666667,-1.5756000233,4.278177793333333,1.6904666201000003,138.76062127,116.28186381,1.0
4.8500000000000005,-1.5787642105,4.285842807,1.6924715790000004,138.79165063333335,116.37495190000001,1.0
4.8583333333,-1.5819292839999999,4.293508411533333,1.6944747653,138.82264788333333,116.46794365,1.0
4.8666666667000005,-1.5850952424999998,4.301174606133333,1.6964761817000011,138.85361307333332,116.56083921999999,1.0
4.875,-1.5882620851,4.308841390066666,1.6984758297999998,138.88454626,116.65363878,1.0
4.8833333333,-1.5914298104,4.3165087624666665,1.7004737125000002,138.9154475,116.7463425,1.0
4.8916666667,-1.5945984179,4.324176723066666,1.7024698309000001,138.94631682333332,116.83895046999999,1.0
4.9,-1.597767905,4.33184527,1.7044641900000004,138.97715435,116.93146304999999,1.0
4.9083333333,-1.600938272,4.339514403533333,1.7064567892999998,139.00796007,117.02388020999999,1.0
4.9166666667,-1.6041095173000002,4.3471841226666665,1.7084476320999997,139.03873406,117.11620217999999,1.0
4.925,-1.6072816398,4.354854426533333,1.7104367203999997,139.06947637,117.20842911,1.0
4.9333333333,-1.6104546388,4.362525314733333,1.7124240557,139.10018704333334,117.30056113,1.0
4.9416666667,-1.613628512,4.370196785799999,1.7144096426999997,139.13086618,117.39259854,1.0
4.95,-1.6168032595,4.377868839666666,1.716393481,139.16151378333333,117.48454135,1.0
4.958333333300001,-1.6199788797,4.3855414753333335,1.7183755739000004,139.19212991999999,117.57638976000001,1.0
4.9666666667,-1.6231553716000002,4.3932146922,1.7203559234999997,139.22271464666667,117.66814394,1.0
4.9750000000000005,-1.6263327341999998,4.400888489466666,1.7223345316000007,139.25326801666668,117.75980405000001,1.0
4.9833333333,-1.6295109661999998,4.408562866333333,1.7243114009000005,139.28379008,117.85137024,1.0
4.9916666667000005,-1.6326900667,4.416237822266667,1.7262865333000006,139.31428088666667,117.94284266,1.0
5.0,-1.6358700346,4.4239133564,1.7282599308000002,139.34474049333335,118.03422148000001,1.0
5.0083333333,-1.6390508687,4.431589468,1.7302315959000003,139.37516894666666,118.12550684000001,1.0
5.0166666667,-1.6422325681,4.439266156533333,1.7322015305,139.4055663,118.21669890000001,1.0
5.025,-1.6454151316999999,4.446943421133334,1.7341697366000004,139.43593260666668,118.30779781999999,1.0
5.0333333333,-1.6485985583,4.4546212610666664,1.7361362167,139.46626791333333,118.39880374,1.0
5.0416666667,-1.6517828477999998,4.462299676333333,1.7381009711000006,139.49657224333333,118.48971673,1.0
5.050000000000001,-1.6549679968000002,4.4699786645333335,1.7400640064000006,139.52684574,118.58053722,1.0
5.058333333299999,-1.6581540066,4.477658226599999,1.742025320099999,139.55708835666667,118.67126507,1.0
5.066666666700001,-1.6613408755999999,4.4853383615333335,1.7439849155000011,139.58730016,118.76190048000001,1.0
5.075,-1.6645286017999998,4.493019067866666,1.7459427964000005,139.61748125333335,118.85244376,1.0
5.0833333333,-1.6677171853000001,4.500700345733333,1.7478989626999997,139.64763163,118.94289488999999,1.0
5.0916666667,-1.6709066246,4.508382194199999,1.7498534175000005,139.67775136,119.03325408,1.0
5.1,-1.6740969187,4.516064612466666,1.7518061625999994,139.70784049333335,119.12352148,1.0
5.1083333333,-1.6772880665999998,4.523747599933333,1.7537572001000001,139.73789907666665,119.21369723000001,1.0
5.1166666667000005,-1.6804800674,4.531431156066667,1.7557065319000005,139.76792715666667,119.30378146999999,1.0
5.125,-1.6836729198999998,4.539115279933332,1.7576541602000004,139.79792478666667,119.39377436000001,1.0
5.1333333332999995,-1.6868666232,4.5467999709999996,1.7596000868999992,139.82789201333333,119.48367604,1.0
5.1416666667,-1.6900611767,4.554485228933332,1.7615443133,139.85782887000002,119.57348661,1.0
5.1499999999999995,-1.6932565786000002,4.5621710524,1.763486842799999,139.88773543333335,119.66320630000001,1.0
5.1583333333,-1.6964528283000002,4.569857441066667,1.7654276766999997,139.91761173333333,119.75283519999999,1.0
5.166666666699999,-1.6996499243999998,4.577544394066666,1.7673668178999995,139.94745784,119.84237352,1.0
5.175,-1.7028478667999998,4.585231911199999,1.7693042664,139.97727376666668,119.9318213,1.0
5.1833333333,-1.7060466539,4.592919991466666,1.7712400255,140.00705957333332,120.02117872,1.0
5.1916666667,-1.709246285,4.600608634466666,1.7731740966999998,140.03681530999998,120.11044593,1.0
5.2,-1.7124467588999999,4.608297839266666,1.7751064822000007,140.06654102333334,120.19962307,1.0
5.2083333333,-1.7156480748,4.615987605399999,1.7770371836999999,140.09623675666668,120.28871027,1.0
5.2166666667,-1.7188502324,4.623677932733333,1.7789662019000003,140.12590253333335,120.37770760000001,1.0
5.225,-1.7220532286,4.631368819066666,1.7808935427999995,140.15553848,120.46661544,1.0
5.2333333333,-1.7252570649,4.639060265466666,1.7828192035,140.18514454333334,120.55543363000001,1.0
5.2416666667,-1.7284617384999998,4.646752270133333,1.7847431896999997,140.21472084666667,120.64416254,1.0
5.25,-1.7316672504,4.6544448335999995,1.7866654992,140.24426735666665,120.73280206999999,1.0
5.2583333332999995,-1.7348735971,4.662137953599999,1.7885861390999995,140.27378422333334,120.82135267000001,1.0
5.2666666667,-1.7380807797,4.6698316309333325,1.7905051073000002,140.3032714,120.9098142,1.0
5.2749999999999995,-1.7412887971000002,4.677525864733333,1.7924224057999991,140.33272895333334,120.99818686,1.0
5.2833333333,-1.7444976471,4.6852206536,1.7943380390999997,140.36215697,121.08647091,1.0
5.291666666699999,-1.74770733,4.692915997799999,1.7962520066999996,140.39155544666667,121.17466633999999,1.0
5.3,-1.7509178447,4.7006118964666666,1.7981643105999998,140.42092443,121.26277329000001,1.0
5.3083333333,-1.7541291894,4.708308348466667,1.8000749545000003,140.45026401333334,121.35079203999999,1.0
5.3166666667,-1.7573413642000002,4.716005353933333,1.8019839382999994,140.47957419,121.43872257000001,1.0
5.325,-1.7605543681,4.723702912066667,1.8038912638,140.508855,121.526565,1.0
5.3333333333,-1.7637681991,4.7314010216,1.8057969350999994,140.53810654666665,121.61431963999999,1.0
5.3416666667,-1.7669828575000002,4.7390996828,1.8077009516999996,140.56732882,121.70198646,1.0
5.35,-1.7701983418999998,4.7467988945999995,1.8096033162000003,140.59652187333333,121.78956561999999,1.0
5.3583333333,-1.7734146522,4.754498657,1.8115040289,140.6256857333333,121.8770572,1.0
5.3666666667,-1.7766317855000002,4.762198968133333,1.8134030956999991,140.65482051333333,121.96446154,1.0
5.375,-1.7798497428,4.769899828533333,1.8153005144000003,140.68392618333334,122.05177855,1.0
5.3833333332999995,-1.7830685225,4.777601237199999,1.8171962882999997,140.71300281,122.13900842999999,1.0
5.3916666667,-1.7862881239000001,4.785303193733333,1.8190904188999995,140.74205043666666,122.22615131,1.0
5.4,-1.7895085460000002,4.793005697333333,1.8209829079999997,140.77106910666666,122.31320732,1.0
5.4083333333,-1.7927297880000002,4.800708747533333,1.8228737572999998,140.80005886,122.40017658,1.0
5.4166666667,-1.7959518489000001,4.808412343733334,1.8247629689,140.82901973666665,122.48705921000001,1.0
5.425,-1.7991747278999999,4.816116485266666,1.8266505442000003,140.8579517866667,122.57385536000001,1.0
5.4333333333,-1.8023984242,4.823821171666666,1.8285364849000005,140.88685504333333,122.66056513000001,1.0
5.4416666667,-1.8056229367999999,4.831526402333333,1.8304207931,140.91572955,122.74718865,1.0
5.45,-1.8088482659999998,4.839232177333333,1.8323034680000003,140.94457531,122.83372593000001,1.0
5.4583333333,-1.8120744078,4.846938494066666,1.8341845176999998,140.97339248666665,122.92017745999999,1.0
5.4666666667,-1.8153013643,4.854645354,1.8360639381000003,141.00218099666668,123.00654299000001,1.0
5.475,-1.8185291339,4.862352755933333,1.8379417321999993,141.03094092,123.09282275999999,1.0
5.4833333333,-1.8217577155000002,4.8700606992,1.8398179022999994,141.05967230333331,123.17901691,1.0
5.4916666667,-1.8249871083999998,4.877769183399999,1.8416924499,141.08837518333334,123.26512555,1.0
5.5,-1.8282173124999999,4.885478208333333,1.8435653750000005,141.11704956666668,123.35114870000001,1.0
5.5083333333,-1.8314483245,4.893187771866667,1.8454366843000003,141.14569559333333,123.43708677999999,1.0
5.5166666667,-1.834680147,4.9008978758,1.8473063726999996,141.17431316666668,123.5229395,1.0
5.525,-1.8379127756,4.908608517066666,1.8491744488000004,141.20290247666665,123.60870743000001,1.0
5.5333333333,-1.8411462121000002,4.916319696933333,1.8510409090999997,141.23146344333335,123.69439033,1.0
5.5416666667,-1.8443804554,4.924031414733333,1.8529057559000002,141.25999613,123.77998839,1.0
5.55,-1.8476155032000001,4.931743668799999,1.8547689935999996,141.28850062666666,123.86550188000001,1.0
5.5583333333,-1.8508513561000002,4.9394564596,1.8566306210999999,141.31697692666668,123.95093078,1.0
5.5666666667,-1.8540880127,4.947169786266667,1.8584906412999997,141.34542507666666,124.03627523,1.0
5.575,-1.8573254731000002,4.954883648733333,1.8603490537999996,141.37384509,124.12153527000001,1.0
5.583333333300001,-1.8605637341999999,4.962598045,1.8622058649000008,141.40223710333333,124.20671131,1.0
5.5916666667,-1.863802798,4.9703129764666665,1.8640610707,141.43060102666666,124.29180308,1.0
5.6000000000000005,-1.8670426611000002,4.9780284407333335,1.8659146778000002,141.45893701333333,124.37681104,1.0
5.6083333333,-1.8702833246,4.985744438599999,1.8677666841000002,141.48724502333334,124.46173507,1.0
5.6166666667000005,-1.873524787,4.993460969133333,1.8696170927000004,141.51552512,124.54657535999999,1.0
5.625,-1.8767670476999998,5.001178031799999,1.8714659046000006,141.54377734,124.63133202,1.0
5.6333333333,-1.8800101063999999,5.008895626466666,1.8733131205000007,141.57200169666666,124.71600509000001,1.0
5.6416666667,-1.8832539603,5.016613751333333,1.8751587460999997,141.60019831,124.80059492999999,1.0
5.65,-1.8864986107,5.0243324071333335,1.8770027786000005,141.62836713,124.88510138999999,1.0
5.6583333333,-1.8897440562,5.032051592999999,1.8788452208999997,141.65650823,124.96952468999999,1.0
5.6666666667,-1.8929902959,5.0397713084,1.8806860749000005,141.68462164333334,125.05386493,1.0
5.675,-1.8962373290999999,5.047491552733333,1.8825253418,141.71270740666668,125.13812222000001,1.0
5.6833333333,-1.8994851548999998,5.055212325466666,1.8843630235000006,141.74076555666667,125.22229666999999,1.0
5.6916666667,-1.9027337727,5.062933626266666,1.8861991212999998,141.76879613,125.30638839,1.0
5.7,-1.9059831817000001,5.070655454466666,1.8880336366000001,141.79679916666666,125.3903975,1.0
5.708333333300001,-1.909233381,5.078377809533333,1.8898665713000007,141.82477470333333,125.47432411,1.0
5.7166666667,-1.9124843703,5.086100691333333,1.8916979261,141.85272276,125.55816827999999,1.0
5.7250000000000005,-1.9157361479000001,5.0938240986,1.8935277042000003,141.88064341333333,125.64193024,1.0
5.7333333333,-1.9189887139000001,5.101548031466667,1.8953559054999998,141.90853666,125.72560998,1.0
5.7416666667000005,-1.9222420678,5.109272489666667,1.8971825311000003,141.93640252666668,125.80920757999999,1.0
5.75,-1.9254962072,5.116997471466666,1.8990075856,141.96424112,125.89272335999999,1.0
5.7583333333,-1.928751133,5.124722977533333,1.9008310673000004,141.99205240666666,125.97615722,1.0
5.7666666667,-1.932006844,5.132449007133333,1.9026529787,142.01983644333333,126.05950933,1.0
5.775,-1.9352633393,5.140175559533334,1.9044733214000003,142.04759327,126.14277981000001,1.0
5.7833333333,-1.9385206182999999,5.147902634399999,1.9062920966999999,142.07532291333334,126.22596874000001,1.0
5.7916666667,-1.9417786802,5.155630231266667,1.9081093063,142.10302541666667,126.30907625,1.0
5.800000000000001,-1.9450375242,5.163358349466667,1.9099249516000008,142.13070081333333,126.39210244,1.0
5.8083333333,-1.9482971497,5.171086988666667,1.9117390339000002,142.15834914,126.47504742000001,1.0
5.816666666700001,-1.9515575564,5.1788161487333335,1.9135515539000005,142.18597040666666,126.55791122,1.0
5.825,-1.9548187421999998,5.186545828133333,1.9153625156000007,142.21356471,126.64069413000001,1.0
5.8333333333,-1.9580807081,5.194276027599999,1.9171719171,142.24113200666667,126.72339602,1.0
5.8416666667,-1.9613434516,5.202006745533333,1.9189797635000003,142.26867241,126.80601723000001,1.0
5.8500000000000005,-1.9646069735,5.209737982333333,1.9207860530000005,142.29618589666666,126.88855769,1.0
5.8583333333,-1.9678712724,5.217469737133333,1.9225907885,142.32367251666668,126.97101755,1.0
5.8666666667000005,-1.9711363477000001,5.2252020096,1.9243939713000004,142.35113230666667,127.05339692000001,1.0
5.875,-1.9744021987999998,5.2329347992,1.9261956024000002,142.3785653,127.1356959,1.0
5.8833333332999995,-1.9776688248,5.240668105399999,1.9279956836999992,142.40597153333331,127.2179146,1.0
5.8916666667,-1.9809362251,5.2484019278666665,1.9297942165000002,142.43335103666666,127.30005311,1.0
5.8999999999999995,-1.9842043989,5.256136265933333,1.9315912021999992,142.46070384333333,127.38211153,1.0
5.9083333333,-1.9874733456,5.263871119266666,1.9333866421,142.48802999333336,127.46408998000001,1.0
5.916666666699999,-1.9907430645000002,5.271606487466666,1.935180537699999,142.51532951333334,127.54598854,1.0
5.925,-1.9940135549,5.279342369933333,1.9369728901999999,142.54260243666667,127.62780731000001,1.0
5.933333333299999,-1.9972848160999999,5.287078766266665,1.9387637010999998,142.56984880333334,127.70954641,1.0
5.9416666667,-2.0005568474,5.2948156760666665,1.9405529718999999,142.59706864,127.79120592000001,1.0
5.949999999999999,-2.0038296481,5.302553098733332,1.9423407037999993,142.62426198,127.87278594,1.0
5.9583333333,-2.0071032175,5.310291033866666,1.9441268982999995,142.65142886,127.95428658,1.0
5.9666666667,-2.0103775554,5.3180294814,1.9459115559000004,142.67856929,128.03570787,1.0
5.975,-2.0136526598,5.325768439866666,1.9476946803999997,142.70568336,128.11705008,1.0
5.9833333333,-2.0169285313,5.333507909733333,1.9494762707,142.73277105,128.19831315,1.0
5.9916666667,-2.0202051693,5.341247890666666,1.9512563280999995,142.75983238666666,128.27949716,1.0
6.0,-2.0234825716000002,5.3489883810666665,1.9530348567999996,142.78686746333332,128.36060239,1.0
6.0083333332999995,-2.0267607391999998,5.356729381666666,1.9548118549,142.81387625333332,128.44162876,1.0
6.0166666667,-2.0300396707,5.3644708916,1.9565873253000001,142.84085880666666,128.52257642,1.0
6.0249999999999995,-2.0333193656,5.372212910399999,1.9583612687999992,142.86781515666667,128.60344547,1.0
6.0333333333,-2.0365998231,5.3799554376,1.9601336871,142.89474533666666,128.68423601,1.0
6.041666666699999,-2.0398810431,5.387698473199999,1.9619045805000002,142.92164935333332,128.76494806,1.0
6.05,-2.0431630235,5.395442015666667,1.9636739529999998,142.94852730666665,128.84558192,1.0
6.0583333333,-2.0464457651,5.4031860656,1.9654418031000005,142.97537916,128.92613748,1.0
6.0666666667,-2.0497292668,5.410930622333333,1.9672081330999998,143.00220496666665,129.0066149,1.0
6.075,-2.0530135278,5.4186756852,1.9689729444,143.02900476,129.08701428,1.0
6.0833333333,-2.0562985475,5.426421253866666,1.9707362382999998,143.05577857,129.16733571,1.0
6.0916666667,-2.0595843254,5.434167328066666,1.9724980159000007,143.08252643,129.24757929,1.0
6.1,-2.0628708607000004,5.441913907133333,1.974258278599999,143.10924836666666,129.3277451,1.0
6.1083333333,-2.0661581528,5.449660990733332,1.9760170277000002,143.13594441666666,129.40783325,1.0
6.1166666667,-2.0694462011,5.457408578533332,1.9777742644999998,143.1626146033333,129.48784381,1.0
6.125,-2.0727350051,5.4651566700666665,1.9795299897999996,143.18925894999998,129.56777685,1.0
6.1333333332999995,-2.0760245635,5.472905264533333,1.9812842062999998,143.21587752333335,129.64763257,1.0
6.1416666667,-2.0793148765000002,5.4806543621333335,1.983036913699999,143.24247031666667,129.72741095,1.0
6.15,-2.082605943,5.488403962,1.9847881140000005,143.26903737333333,129.80711212,1.0
6.1583333333,-2.0858977625999997,5.496154063933333,1.9865378081,143.29557872,129.88673616,1.0
6.1666666667,-2.0891903345,5.503904667466667,1.9882859976999998,143.32209439,129.96628317,1.0
6.175,-2.0924836582,5.511655772133333,1.9900326836,143.34858441333333,130.04575324,1.0
6.1833333333,-2.0957777329000002,5.519407377466667,1.9917778674999997,143.37504882,130.12514646,1.0
6.1916666667,-2.0990725589,5.527159483733333,1.9935215489,143.40148761,130.20446283,1.0
6.2,-2.1023681333,5.534912088866666,1.9952637334000003,143.4279009,130.2837027,1.0
6.2083333333,-2.1056644577,5.542665194,1.997004417899999,143.45428863333333,130.3628659,1.0
6.2166666667,-2.1089615308,5.550418798333333,1.9987436051,143.48065086666668,130.4419526,1.0
6.225,-2.1122593527,5.5581729018,2.000481294599999,143.5069876,130.5209628,1.0
6.2333333333,-2.1155579204,5.565927502466666,2.0022174925000003,143.53329895666667,130.59989687,1.0
6.2416666667,-2.1188572365000002,5.573682602133333,2.003952193699999,143.55958483999999,130.67875452,1.0
6.25,-2.1221572972,5.581438198133332,2.005685405600001,143.58584540333334,130.75753621,1.0
6.2583333332999995,-2.1254581043000003,5.589194291733333,2.0074171246999994,143.61208058333332,130.83624175,1.0
6.266666666700001,-2.1287596567000002,5.5969508822666665,2.009147353300001,143.63829042666666,130.91487128,1.0
6.275,-2.1320619533,5.604707968866667,2.0108760934000003,143.66447499,130.99342497,1.0
6.283333333299999,-2.1353649933,5.612465551066666,2.0126033466999984,143.69063429666667,131.07190289,1.0
6.2916666667,-2.1386687768,5.620223629,2.0143291131,143.71676835333332,131.15030506,1.0
6.3,-2.1419733029,5.6279822019333325,2.0160533942000005,143.74287720333334,131.22863161,1.0
6.308333333299999,-2.145278571,5.635741269533332,2.0177761913,143.76896087,131.30688261,1.0
6.3166666667,-2.1485845806,5.643500831533332,2.0194975055,143.79501938666667,131.38505816,1.0
6.325,-2.151891331,5.651260887333334,2.0212173380000005,143.82105277666668,131.46315833,1.0
6.3333333333,-2.1551988216,5.6590214366,2.0229356900999997,143.84706107333332,131.54118322,1.0
6.341666666699999,-2.1585070519,5.666782479066666,2.024652562899999,143.87304430333333,131.61913291,1.0
6.35,-2.1618160217,5.674544014466666,2.0263679565999997,143.89900247333333,131.69700742,1.0
6.358333333299999,-2.16512573,5.682306042199999,2.0280818732999992,143.92493563333332,131.7748069,1.0
6.3666666667,-2.1684361749,5.690068561066667,2.0297943168999995,143.95084386,131.85253158,1.0
6.375,-2.1717473580999997,5.697831572066666,2.031505283800001,143.97672709666668,131.93018129,1.0
6.3833333332999995,-2.1750592779,5.705595074133332,2.0332147774999996,144.00258540666667,132.00775622,1.0
6.391666666699999,-2.178371934,5.713359067133332,2.0349227987,144.02841881333333,132.08525644,1.0
6.4,-2.1816853256999997,5.721123550466666,2.0366293486000004,144.05422734666666,132.16268204,1.0
6.4083333333,-2.1849994525,5.728888523866666,2.0383344283000002,144.08001103333334,132.2400331,1.0
6.416666666699999,-2.1883143137,5.736653986933332,2.0400380393,144.1057699,132.3173097,1.0
6.425,-2.1916299088,5.7444199392,2.0417401823999994,144.13150397666666,132.39451193,1.0
6.433333333299999,-2.1949462373,5.7521863803999995,2.0434408586999995,144.15721328666666,132.47163986,1.0
6.4416666667,-2.1982632985999997,5.7599533101999985,2.0451400695000004,144.18289786,132.54869358,1.0
6.45,-2.2015810921,5.767720728066667,2.0468378157999996,144.20855772333334,132.62567317,1.0
6.4583333333,-2.2048996173,5.775488633733333,2.0485340987,144.23419290333334,132.70257871,1.0
6.466666666699999,-2.2082188735,5.7832570267999985,2.0502289196999994,144.25980342333332,132.77941027,1.0
6.4750000000000005,-2.2115388603999997,5.791025906933333,2.0519222792000007,144.28538931333333,132.85616794,1.0
6.483333333299999,-2.2148595772,5.798795273666666,2.053614178899999,144.31095060333334,132.93285181,1.0
6.4916666667,-2.2181810234,5.806565126733333,2.055304619899999,144.33648731,133.00946193,1.0
6.5,-2.2215031986,5.8143354657333335,2.0569936028000004,144.36199947,133.08599841,1.0
6.5083333332999995,-2.2248261020999998,5.822106290266666,2.0586811291,144.38748710333334,133.16246131,1.0
6.516666666699999,-2.2281497341,5.829877600533333,2.0603671984999985,144.41295021,133.23885063,1.0
6.525,-2.231474092,5.837649394666667,2.0620518160000003,144.43838890333333,133.31516671,1.0
6.5333333333,-2.2347991771999998,5.8454216736666655,2.063734978900001,144.46380312,133.39140936,1.0
6.541666666699999,-2.2381249886,5.853194436866666,2.0654166894999992,144.48919291666667,133.46757875,1.0
6.550000000000001,-2.241451526,5.860967684,2.067096948,144.51455830666666,133.54367492,1.0
6.558333333299999,-2.2447787878,5.868741414066666,2.0687757576999988,144.53989935333334,133.61969806,1.0
6.5666666667,-2.2481067745,5.876515627466667,2.0704531176999996,144.56521604666668,133.69564814,1.0
6.575,-2.2514354852,5.884290323466667,2.0721290296,144.59050842,133.77152526,1.0
6.5833333333,-2.2547649204,5.892065502466666,2.0738034924999993,144.6157764666667,133.8473294,1.0
6.591666666699999,-2.2580950765,5.899841162133332,2.075476513699999,144.64102032333332,133.92306097,1.0
6.6000000000000005,-2.2614259561,5.907617304066666,2.0771480878000004,144.66623990000002,133.9987197,1.0
6.6083333333,-2.2647575575,5.9153939272,2.0788182183,144.69143526333335,134.07430579,1.0
6.6166666667,-2.2680898803000002,5.923171031333333,2.0804869060999986,144.71660643666667,134.14981931,1.0
6.625,-2.2714229239,5.930948615933333,2.0821541522000007,144.74175344666665,134.22526034,1.0
6.6333333332999995,-2.2747566878,5.938726680733333,2.0838199576999994,144.76687631666667,134.30062895,1.0
6.6416666667,-2.2780911715000003,5.946505225466667,2.085484323699999,144.79197507,134.37592521,1.0
6.65,-2.2814263745,5.954284249666667,2.0871472509999998,144.8170497366667,134.45114921,1.0
6.6583333333,-2.2847622969,5.9620637534666665,2.0888087394999997,144.84210031666666,134.52630095,1.0
6.666666666699999,-2.2880989362,5.969843735266666,2.0904687942999995,144.86712690333334,134.60138071,1.0
6.675000000000001,-2.2914362939,5.977624195933334,2.0921274122000004,144.89212945333335,134.67638836,1.0
6.683333333299999,-2.2947743687,5.9854051346666655,2.0937845958999994,144.91710801333332,134.75132404,1.0
6.6916666667,-2.2981131609000003,5.9931865517333325,2.0954403448999996,144.94206258,134.82618774,1.0
6.7,-2.301452668,6.000968445333333,2.0970946639999997,144.96699326,134.90097978,1.0
6.7083333333,-2.3047928913,6.0087508164,2.0987475506999997,144.99189999666666,134.97569999,1.0
6.7166666667,-2.3081338298,6.016533664333332,2.1003990071,145.01678284333335,135.05034853,1.0
6.7250000000000005,-2.311475483,6.0243169886666665,2.1020490340000006,145.04164182333332,135.12492547,1.0
6.7333333333,-2.3148178503000003,6.032100789066666,2.1036976327,145.06647695666666,135.19943087,1.0
6.7416666667,-2.3181609316,6.039885065533333,2.105344803499999,145.09128826,135.27386478,1.0
6.75,-2.3215047252999996,6.047669816866666,2.1069905494000007,145.11607579666668,135.34822739,1.0
6.7583333332999995,-2.3248492319,6.055455043466666,2.1086348694999995,145.14083954666668,135.42251864,1.0
6.7666666667,-2.3281944508,6.063240744999999,2.1102777651,145.16557955333334,135.49673866,1.0
6.775,-2.3315403815,6.071026921,2.1119192370000004,145.19029582,135.57088746,1.0
6.7833333333,-2.3348870237,6.078813571333333,2.1135592858999996,145.21498838,135.64496514,1.0
6.791666666699999,-2.3382343749,6.0866006943999995,2.1151979168999997,145.23965732666667,135.71897198,1.0
6.800000000000001,-2.3415824373,6.094388291533333,2.116835125400001,145.26430258333335,135.79290775,1.0
6.8083333333,-2.3449312092000003,6.102176361666666,2.1184709148999996,145.28892421333333,135.86677264,1.0
6.8166666667,-2.3482806903999998,6.109964904733332,2.1201052859000007,145.31352223666667,135.94056671,1.0
6.825,-2.3516308800999997,6.117753920066666,2.1217382398000013,145.33809668333333,136.01429005,1.0
6.8333333333,-2.3549817781,6.1255434075999995,2.1233697770999997,145.36264757,136.08794271,1.0
6.8416666667,-2.3583333838000002,6.133333367,2.1249998991,145.38717492333333,136.16152477,1.0
6.8500000000000005,-2.3616856971,6.141123798066666,2.126628605800001,145.41167875,136.23503625,1.0
6.8583333333,-2.3650387162,6.148914699666666,2.1282559009,145.43615912333334,136.30847737,1.0
6.8666666667,-2.3683924419,6.1567060724,2.129881782899999,145.46061601666668,136.38184805,1.0
6.875000000000001,-2.3717468738,6.164497915866667,2.131506252400001,145.48504945333335,136.45514836,1.0
6.8833333332999995,-2.3751020103,6.1722902290666655,2.1331293126999995,145.50945950000002,136.5283785,1.0
6.8916666667,-2.3784578519,6.180083012399999,2.1347509629000005,145.53384614,136.60153842,1.0
6.9,-2.3818143978,6.1878762652,2.136371204400001,145.55820940666666,136.67462822,1.0
6.9083333333,-2.3851716475,6.1956699872,2.1379900383,145.58254932666668,136.74764798,1.0
6.916666666699999,-2.3885296006,6.203464178199999,2.1396074654999993,145.60686591666666,136.82059775,1.0
6.925000000000001,-2.3918882565,6.211258837666667,2.141223487000001,145.63115920666667,136.89347762,1.0
6.9333333333,-2.3952476149,6.219053965466667,2.1428381034999995,145.65542921666668,136.96628765,1.0
6.9416666667,-2.3986076752,6.226849561266666,2.1444513162999996,145.67967596666668,137.0390279,1.0
6.950000000000001,-2.4019684369,6.234645624600001,2.1460631262000014,145.70389948,137.11169844,1.0
6.9583333333,-2.4053299,6.2424421555333325,2.1476735333,145.72809976666667,137.1842993,1.0
6.9666666667,-2.408692063,6.250239153133333,2.1492825407,145.75227689333335,137.25683068,1.0
6.9750000000000005,-2.4120549271,6.258036618066666,2.150890145800001,145.77643079999999,137.3292924,1.0
6.9833333333,-2.4154184892,6.265834548333332,2.1524963549000007,145.80056163,137.40168489,1.0
6.9916666667,-2.4187827512999998,6.273632945333333,2.1541011641000005,145.82466930333334,137.47400791,1.0
7.000000000000001,-2.422147712,6.281431808000001,2.1557045760000006,145.84875387666668,137.54626163,1.0
7.0083333333,-2.4255133709,6.289231136133333,2.1573065915000003,145.87281536666669,137.6184461,1.0
7.0166666667,-2.4288797276,6.297030929533332,2.1589072115,145.89685380333333,137.69056141,1.0
7.025,-2.4322467815,6.304831187666666,2.1605064370000004,145.92086920333335,137.76260761,1.0
7.0333333333,-2.4356145326,6.312631910599999,2.1621042681000002,145.94486157666665,137.83458473,1.0
7.0416666667,-2.4389829794,6.3204330974,2.163700707900001,145.96883098333333,137.90649295,1.0
7.049999999999999,-2.4423521224,6.3282347482666665,2.165295755199999,145.99277741,137.97833223,1.0
7.0583333333,-2.4457219609,6.3360368628,2.1668894115,146.01670088666665,138.05010266,1.0
7.0666666667,-2.4490924944,6.343839440733333,2.1684816778999996,146.04060144000002,138.12180432,1.0
7.074999999999999,-2.4524637228,6.351642481866667,2.170072554399999,146.06447907333333,138.19343722,1.0
7.0833333333,-2.4558356445,6.359445985199999,2.1716620443,146.08833385333332,138.26500156,1.0
7.0916666667,-2.4592082602999996,6.367249951333332,2.173250146100001,146.11216575666666,138.33649727,1.0
7.1,-2.4625815693,6.375054379533333,2.1748368613999993,146.13597482,138.40792446,1.0
7.1083333333,-2.465955571,6.382859269533332,2.176422191300001,146.15976106666668,138.4792832,1.0
7.1166666667000005,-2.4693302657,6.3906646216,2.1780061353000004,146.18352448666667,138.55057346,1.0
7.124999999999999,-2.4727692098,6.398512806533333,2.179461580399999,146.20739397,138.62218191,1.0
7.1333333333,-2.4762092464000003,6.4063617198000005,2.1809148404999994,146.2312412,138.6937236,1.0
7.1416666667,-2.4796503726,6.414211359533333,2.1823659214999998,146.25506627666667,138.76519883,1.0
7.1499999999999995,-2.4830925903,6.422061726866666,2.1838148193999993,146.27886917,138.83660751,1.0
7.1583333333,-2.4865358995999998,6.429912821933333,2.1852615341000003,146.30264988666667,138.90794966,1.0
7.1666666667,-2.4899802983,6.437764643333333,2.1867060701000005,146.32640852666665,138.97922558,1.0
7.175,-2.4934257883999997,6.445617192266667,2.1881484232000004,146.35014503,139.05043509,1.0
7.1833333333,-2.4968723693,6.4534704684,2.1895885947,146.37385944666667,139.12157834,1.0
7.1916666667,-2.5003200414,6.461324472066666,2.1910265838999994,146.39755177666666,139.19265533,1.0
7.199999999999999,-2.503768804,6.469179202666666,2.1924623919999995,146.42122206,139.26366618,1.0
7.208333333300001,-2.5072186559,6.477034659466668,2.1938960215000005,146.44487035666666,139.33461107,1.0
7.2166666667,-2.5106695993,6.484890844,2.1953274681000003,146.46849661333331,139.40548984,1.0
7.225,-2.5141216334,6.4927477556,2.1967567331999995,146.49210087999998,139.47630264,1.0
7.2333333333,-2.5175747579,6.500605394133332,2.198183817500001,146.51568317,139.54704951,1.0
7.2416666667000005,-2.521028973,6.5084637598,2.1996087207000006,146.53924351,139.61773053,1.0
7.249999999999999,-2.5244842786,6.516322852399999,2.201031442799999,146.56278191666667,139.68834575,1.0
7.2583333333,-2.5279406746,6.524182671933334,2.2024519841000005,146.58629841,139.75889523,1.0
7.2666666667,-2.5313981617,6.532043218933333,2.2038703433000006,146.60979298666666,139.82937896,1.0
7.2749999999999995,-2.5348567379999998,6.539904491999999,2.2052865240000004,146.63326572666668,139.89979718,1.0
7.2833333333,-2.5383164052000002,6.5477664923333325,2.2067005229,146.65671659333336,139.97014978,1.0
7.2916666667,-2.5417771635,6.5556292201333335,2.2081123397000004,146.6801456,140.0404368,1.0
7.3,-2.5452390116999997,6.563492674466666,2.2095219766000005,146.7035528,140.1106584,1.0
7.3083333333,-2.5487019491000003,6.571356854933333,2.2109294351,146.72693823666665,140.18081471,1.0
7.3166666667,-2.5521659785,6.579221763466666,2.2123347097,146.75030183666667,140.25090551,1.0
7.324999999999999,-2.5556310965,6.587087397666666,2.2137378069999993,146.77364373333333,140.3209312,1.0
7.333333333300001,-2.5590973056,6.594953759266667,2.2151387221000007,146.79696385666668,140.39089157,1.0
7.3416666667,-2.5625646049,6.602820847733334,2.2165374569,146.82026225333334,140.46078676,1.0
7.35,-2.5660329945,6.6106886629999995,2.217934010999999,146.84353894666665,140.53061684,1.0
7.3583333333,-2.5695024742999997,6.618557205066666,2.219328384700001,146.8667939533333,140.60038186,1.0
7.3666666667000005,-2.5729730442,6.626426473933333,2.2207205783000012,146.89002729,140.67008187,1.0
7.375,-2.5764447043,6.634296469533333,2.2221105914,146.91323898,140.73971694,1.0
7.3833333333,-2.5799174557,6.642167192666666,2.223498421900001,146.936429,140.809287,1.0
7.3916666667,-2.5833912949999998,6.6500386411333325,2.224884076700001,146.95959747999999,140.87879244,1.0
7.3999999999999995,-2.5868662265,6.657910817666666,2.2262675469999986,146.9827443,140.9482329,1.0
7.408333333300001,-2.5903422462999997,6.665783719733334,2.2276488407000015,147.00586960333334,141.01760881,1.0
7.4166666667,-2.593819357,6.673657349133333,2.2290279527,147.02897332,141.08691996,1.0
7.425,-2.5972975579,6.681531705266666,2.2304048841999995,147.05205549666667,141.15616649,1.0
7.4333333333,-2.6007768495,6.689406788533333,2.2317796343000005,147.07511613,141.22534839,1.0
7.441666666700001,-2.6042572299,6.697282597733334,2.2331522069000007,147.09815530333333,141.29446591,1.0
7.449999999999999,-2.607738701,6.705159134,2.2345225979999985,147.12117297,141.36351891,1.0
7.458333333300001,-2.6112212621,6.713036396933333,2.2358908091000007,147.14416917333332,141.43250752,1.0
7.4666666667,-2.6147049132999998,6.720914386666665,2.2372568401000006,147.16714392666665,141.50143178,1.0
7.475,-2.6181896545,6.728793102999999,2.2386206909999995,147.19009724666668,141.57029174,1.0
7.4833333333,-2.6216754858,6.736672546066666,2.2399823617,147.21302915666666,141.63908747,1.0
7.4916666667000005,-2.6251624077,6.744552716266666,2.241341851300001,147.23593965333333,141.70781896,1.0
7.5,-2.6286504184000004,6.752433612266666,2.2426991631999993,147.25882881333334,141.77648644,1.0
7.5083333333,-2.6321395197,6.760315235333334,2.2440542939000006,147.28169659333332,141.84508978,1.0
7.516666666700001,-2.635629712,6.7681975858,2.2454072427000007,147.30454300333335,141.91362901,1.0
7.5249999999999995,-2.6391209931,6.776080662066666,2.2467580137999996,147.32736812666667,141.98210438,1.0
7.533333333300001,-2.6426133638000002,6.783964464733334,2.2481066057000008,147.35017195666668,142.05051587,1.0
7.5416666667,-2.6461068251,6.791848994533333,2.249453016500001,147.37295448,142.11886344,1.0
7.55,-2.6496013765,6.799734251,2.250797246999999,147.39571573333333,142.1871472,1.0
7.5583333333,-2.6530970192,6.807620235,2.2521392948999996,147.41845569,142.25536707,1.0
7.566666666700001,-2.6565937492000002,6.815506943933333,2.2534791683000006,147.44117449666666,142.32352349,1.0
7.575,-2.6600915714999998,6.823394381,2.2548168570000007,147.46387201666667,142.39161605,1.0
7.583333333300001,-2.6635904819,6.831282543466667,2.2561523695000005,147.48654839333332,142.45964518,1.0
7.5916666667,-2.6670904839,6.839171433733334,2.2574856989,147.50920353666666,142.52761061,1.0
7.6,-2.6705915746,6.847061049733332,2.2588168508,147.53183755666666,142.59551267,1.0
7.608333333300001,-2.6740937559,6.8549513928,2.2601458215000014,147.55445041,142.66335123,1.0
7.6166666667000005,-2.6775970273,6.862842462666667,2.2614726121000004,147.57704213333332,142.7311264,1.0
7.625,-2.6811013887,6.870734259133333,2.2627972225999997,147.59961274333332,142.79883823,1.0
7.6333333333,-2.68460684,6.8786267822,2.2641196533000008,147.62216225666666,142.86648677,1.0
7.641666666700001,-2.6881133824,6.886520032733334,2.2654399019000007,147.64469066,142.93407198,1.0
7.6499999999999995,-2.6916210127999998,6.8944140085333325,2.2667579744,147.66719806333333,143.00159419,1.0
7.658333333300001,-2.6951297343,6.902308711733333,2.2680738647000007,147.68968439333332,143.06905318,1.0
7.6666666667,-2.6986395469,6.9102041424,2.2693875729000004,147.71214966,143.13644898,1.0
7.675,-2.7021504472,6.918100298133333,2.2706991055999994,147.73459398666668,143.20378196,1.0
7.6833333333,-2.7056624387,6.925997181333334,2.2720084559,147.75701728666667,143.27105186,1.0
7.691666666700001,-2.7091755214999997,6.933894792133334,2.273315623700001,147.77941957333334,143.33825872,1.0
7.7,-2.7126896918999996,6.941793127933332,2.274620616200001,147.80180097333334,143.40540292,1.0
7.708333333300001,-2.7162049535999997,6.949692191266667,2.2759234261000008,147.82416139333336,143.47248418,1.0
7.7166666667,-2.719721306,6.9575919818,2.2772240547,147.84650087,143.53950261,1.0
7.725,-2.7232387471,6.965492498066666,2.2785225058,147.86881947666666,143.60645843,1.0
7.733333333300001,-2.726757279,6.973393741533333,2.2798187753000008,147.89111717333333,143.67335152,1.0
7.7416666667000005,-2.730276901,6.9812957118,2.2811128647000007,147.91339399333333,143.74018198,1.0
7.75,-2.7337976130999997,6.989198408733333,2.2824047738,147.93564995666668,143.80694987,1.0
7.7583333333,-2.7373194153,6.9971018324,2.2836945027000004,147.95788507666666,143.87365523,1.0
7.766666666700001,-2.7408423077,7.0050059829333335,2.2849820513000014,147.98009937333333,143.94029812,1.0
7.775,-2.7443662901,7.0129108600666665,2.2862674198,148.00229286333334,144.00687859,1.0
7.783333333299999,-2.747891364,7.020816464866666,2.287550605299999,148.02446552,144.07339656,1.0
7.7916666667,-2.7514175254,7.0287227947333335,2.2888316159000004,148.04661748,144.13985244,1.0
7.8,-2.7549447784,7.036629852266666,2.2901104432,148.06874864333335,144.20624593,1.0
7.808333333299999,-2.7584731214,7.044537636466666,2.2913870905,148.09085906333334,144.27257719,1.0
7.816666666700001,-2.7620025547,7.0524461475999995,2.292661557300001,148.11294876,144.33884628,1.0
7.825,-2.7655330782,7.060355385466666,2.2939338436000005,148.13501774333335,144.40505323,1.0
7.8333333333,-2.7690646918,7.068265350066666,2.2952039497,148.15706603666666,144.47119811,1.0
7.841666666700001,-2.7725973957,7.0761760416,2.296471875300001,148.17909365333333,144.53728096,1.0
7.85,-2.7761311899,7.084087459933333,2.2977376201999995,148.20110061,144.60330183,1.0
7.858333333299999,-2.7796660742,7.091999604999999,2.2990011848999994,148.22308692333334,144.66926077,1.0
7.8666666667,-2.7832020499,7.099912477733334,2.3002625669,148.24505258,144.73515774,1.0
7.875,-2.7867391138,7.107826075866666,2.3015217724000006,148.26699768333333,144.80099305,1.0
7.8833333332999995,-2.790277269,7.115740401533333,2.3027787952999987,148.28892216,144.86676648,1.0
7.891666666699999,-2.7938165152,7.123655454599999,2.3040336362999994,148.31082603666667,144.93247811,1.0
7.9,-2.7973568511,7.131571234066667,2.3052862978000004,148.33270937333333,144.99812812,1.0
7.9083333333,-2.8008982765,7.1394877398666665,2.3065367803,148.35457218333332,145.06371655,1.0
7.916666666699999,-2.804440793,7.147404973133332,2.3077850807,148.37641444333335,145.12924333,1.0
7.925,-2.8079843999,7.155322933266666,2.3090312002,148.39823618666665,145.19470856,1.0
7.933333333299999,-2.8115290971999998,7.1632416203333324,2.3102751388999994,148.42003743333333,145.2601123,1.0
7.9416666667,-2.8150748848,7.171161034333332,2.3115168971,148.44181819333335,145.32545458,1.0
7.95,-2.8186217629,7.179081175266667,2.3127564742,148.46357849,145.39073547,1.0
7.9583333333,-2.8221697314,7.187002043133333,2.3139938705,148.48531833333334,145.455955,1.0
7.966666666699999,-2.8257187903000003,7.194923638,2.3152290860999982,148.5070377433333,145.52111323,1.0
7.9750000000000005,-2.829268941,7.202845960666666,2.316462118000001,148.52873669333334,145.58621008,1.0
7.983333333299999,-2.8328201795,7.210769008533333,2.3176929742999985,148.55041531999998,145.65124596,1.0
7.9916666667,-2.8363725099,7.218692784399999,2.3189216469000002,148.57207351666668,145.71622055,1.0
8.0,-2.8399259308,7.2266172872,2.3201481384,148.59371134333333,145.78113403,1.0
8.0083333333,-2.8434804421999997,7.234542516999999,2.3213724489,148.61532881333332,145.84598644,1.0
8.016666666699999,-2.8470360441,7.242468473866666,2.3225945784999986,148.63692594333335,145.91077783,1.0
8.025,-2.8505927373,7.2503951582,2.323814525400001,148.65850272666668,145.97550818,1.0
8.0333333333,-2.8541505197,7.2583225686666655,2.3250322938999997,148.68005924333332,146.04017773,1.0
8.0416666667,-2.8577093933,7.266250706666666,2.326247880099999,148.7015954466667,146.10478634,1.0
8.05,-2.8612693576,7.274179571733333,2.3274612848000014,148.72311137,146.16933411,1.0
8.0583333333,-2.8648304137,7.282109164666666,2.3286725059,148.74460699666668,146.23382099,1.0
8.0666666667,-2.8683925581,7.290039483199999,2.3298815504999997,148.76608244666667,146.29824734,1.0
8.075000000000001,-2.8719557943000003,7.297970529533334,2.331088411400001,148.78753762666668,146.36261288,1.0
8.083333333299999,-2.8755201211999997,7.305902302999998,2.3322930909,148.80897259333332,146.42691778,1.0
8.0916666667,-2.8790855388,7.3138348036666665,2.3334955891,148.83038736,146.49116208,1.0
8.1,-2.8826520481,7.321768032066666,2.334695903799999,148.85178191333333,146.55534574,1.0
8.1083333333,-2.8862196462,7.329701986333333,2.3358940408999995,148.87315635000002,146.61946905,1.0
8.116666666699999,-2.8897883369999997,7.337636669133332,2.3370899926999993,148.89451058,146.68353174,1.0
8.125,-2.8933581166,7.345572077733333,2.3382837668,148.91584472333332,146.74753417,1.0
8.1333333333,-2.896928988,7.3535082142,2.3394753572999996,148.93715871666666,146.81147615,1.0
8.141666666699999,-2.9005009502,7.3614450779333325,2.3406647662999993,148.9584526033333,146.87535781,1.0
8.15,-2.9040740033,7.369382668866667,2.3418519934000006,148.97972639333332,146.93917918,1.0
8.1583333333,-2.9076481471999998,7.377320986999999,2.3430370389000004,149.00098010666667,147.00294032,1.0
8.1666666667,-2.9112233819,7.3852600324,2.344219902899999,149.02221375666667,147.06664127,1.0
8.175,-2.9147997075000003,7.393199805,2.345400585,149.04342735666668,147.13028207,1.0
8.1833333333,-2.9183771241,7.401140304933333,2.3465790851,149.06462092666666,147.19386278,1.0
8.1916666667,-2.9219556325,7.409081532799999,2.3477554017,149.08579445,147.25738335,1.0
8.200000000000001,-2.9255352299,7.4170234866,2.3489295402000017,149.1069480266667,147.32084408,1.0
8.2083333333,-2.9291159200999997,7.424966168933333,2.3501014931000017,149.12808156666668,147.3842447,1.0
8.2166666667,-2.9326976996,7.432909577533334,2.3512712675,149.14919517666667,147.44758553,1.0
8.225,-2.9362805709999997,7.440853713999999,2.3524388580000006,149.17028880666666,147.51086642,1.0
8.2333333333,-2.9398645333,7.448798577733332,2.3536042666999992,149.19136249666667,147.57408749,1.0
8.2416666667,-2.9434495877,7.4567441696,2.3547674913000005,149.21241623,147.63724869,1.0
8.25,-2.9470357310999997,7.4646904873999995,2.3559285378000006,149.23345010666665,147.70035032,1.0
8.2583333333,-2.9506229666,7.472637533266665,2.3570874000999993,149.25446406,147.76339218,1.0
8.266666666699999,-2.9542112932,7.480585306599999,2.3582440802999987,149.27545812666668,147.82637438,1.0
8.275,-2.9578007117,7.4885338078000006,2.3593985766000003,149.29643230666667,147.88929692,1.0
8.2833333333,-2.961391221,7.496483036199999,2.3605508913000004,149.31738664,147.95215992,1.0
8.2916666667,-2.9649828205,7.504432991466666,2.3617010257,149.33832116333335,148.01496349,1.0
8.3,-2.9685755108,7.512383673866667,2.3628489784000006,149.35923587,148.07770761,1.0
8.3083333333,-2.9721692931,7.520335084266667,2.3639947471,149.38013074666665,148.14039224,1.0
8.3166666667,-2.9757641675000004,7.5282872228,2.365138331699999,149.40100580333333,148.20301741,1.0
8.325000000000001,-2.9793601313,7.536240087533334,2.366279737400001,149.42186113333332,148.2655834,1.0
8.3333333333,-2.9829571872,7.544193680333334,2.3674189589000005,149.44269667,148.32809001,1.0
8.3416666667,-2.9865553344,7.552148000733333,2.3685559978999997,149.46351246,148.39053738,1.0
8.35,-2.9901545728,7.560103048533333,2.3696908544,149.48430851333333,148.45292554,1.0
8.3583333333,-2.9937549025,7.568058823866666,2.370823528299999,149.50508484666668,148.51525454,1.0
8.3666666667,-2.9973563235,7.5760153268,2.3719540197000004,149.52584147333334,148.57752442,1.0
8.375,-3.0009588359,7.583972557266667,2.3730823281999993,149.54657841000002,148.63973523,1.0
8.3833333333,-3.0045624403,7.591930515733333,2.3742084526999996,149.56729564666668,148.70188694,1.0
8.391666666699999,-3.0081671345000003,7.5998892008,2.375332397699998,149.58799326333335,148.76397979,1.0
8.4,-3.0117729209,7.607848613933333,2.3764541582,149.60867121333334,148.82601364,1.0
8.4083333333,-3.0153797986,7.6158087546,2.3775737361,149.62932952666668,148.88798858,1.0
8.4166666667,-3.0189877678,7.623769622999999,2.3786911310999987,149.64996822333333,148.94990467,1.0
8.425,-3.0225968283,7.631731218866666,2.3798063434000003,149.67058731333336,149.01176194,1.0
8.4333333333,-3.0262069803,7.6396935424,2.3809193727000006,149.69118681666666,149.07356045,1.0
8.4416666667,-3.0298182238,7.647656593666666,2.3820302191000002,149.71176674,149.13530022,1.0
8.450000000000001,-3.0334305586,7.655620372400001,2.383138882800001,149.73232710666665,149.19698132,1.0
8.4583333333,-3.0370439858,7.6635848794,2.3842453617,149.75286789999998,149.2586037,1.0
8.4666666667,-3.0406585047,7.671550114266666,2.3853496573000004,149.77338915333334,149.32016746,1.0
8.475000000000001,-3.0442741122,7.6795160748,2.386451775600001,149.79389097333333,149.38167292,1.0
8.4833333333,-3.047890813,7.687482764199999,2.3875517072999988,149.81437323666668,149.44311971,1.0
8.4916666667,-3.0515086054,7.6954501814,2.3886494559,149.83483601,149.50450803,1.0
8.5,-3.0551274907,7.703418327133333,2.3897450185999998,149.85527927333334,149.56583782,1.0
8.5083333333,-3.0587474649,7.711387198799999,2.3908384034999997,149.87570314333334,149.62710943,1.0
8.516666666699999,-3.0623685328,7.719356799666665,2.3919296010999993,149.89610751,149.68832253,1.0
8.525,-3.0659906906,7.727327127066666,2.3930186188000007,149.91649249,149.74947747,1.0
8.5333333333,-3.0696139408,7.735298182733333,2.3941054516999998,149.93685803,149.81057409,1.0
8.5416666667,-3.0732382826999998,7.743269966266666,2.3951901012999994,149.95720416333333,149.87161249,1.0
8.55,-3.0768637162,7.751242477466667,2.3962725676000005,149.97753090666666,149.93259272,1.0
8.5583333333,-3.0804902413,7.7592157164,2.3973528507000004,149.99783827333331,149.99351482,1.0
8.5666666667,-3.0841178589,7.767189683733332,2.3984309488999997,150.01812625333332,150.05437876,1.0
8.575000000000001,-3.0877465675,7.775164378333334,2.399506865000001,150.03839490666667,150.11518472,1.0
8.5833333333,-3.0913763676,7.783139800600001,2.4005805981,150.05864423,150.17593269,1.0
8.5916666667,-3.0950072584,7.791115950066666,2.4016521499000003,150.07887426,150.23662278,1.0
8.6,-3.0986392418,7.799092827866666,2.4027215163999998,150.09908496,150.29725488,1.0
8.6083333333,-3.1022723169999997,7.807070433533333,2.4037886992999997,150.11927636333334,150.35782909,1.0
8.6166666667,-3.1059064852,7.815048767933334,2.4048536963000005,150.13944845666666,150.41834537,1.0
8.625,-3.1095417425000003,7.823027828333332,2.4059165149999995,150.15960135666668,150.47880407,1.0
8.6333333333,-3.1131780928,7.831007617399999,2.4069771476999993,150.17973497,150.53920491,1.0
8.6416666667,-3.1168155348999997,7.838988134399999,2.4080355969000014,150.19984935,150.59954805,1.0
8.649999999999999,-3.1204540687,7.8469693791333315,2.4090918625999986,150.21994450666668,150.65983352,1.0
8.6583333333,-3.1240936953,7.8549513524000005,2.4101459427,150.24002042333333,150.72006127,1.0
8.6666666667,-3.1277344126999997,7.862934052933333,2.4111978413,150.26007717666667,150.78023153,1.0
8.674999999999999,-3.1313762208,7.870917480533333,2.412247558399999,150.28011478,150.84034434,1.0
8.6833333333,-3.1350191217,7.878901636666666,2.4132950899,150.30013318666667,150.90039956,1.0
8.6916666667,-3.1386631144,7.8868865207333325,2.4143404379,150.32013243999998,150.96039732,1.0
8.7,-3.1423081988,7.894872132533333,2.415383602399999,150.34011255666667,151.02033767,1.0
8.7083333333,-3.1459543750999996,7.902858472266667,2.4164245831000013,150.36007354666665,151.08022064,1.0
8.7166666667,-3.1496016432,7.910845539933334,2.4174633802999996,150.38001542333333,151.14004627,1.0
8.725,-3.1532500031,7.9188333354,2.4184999937999994,150.39993820333333,151.19981461,1.0
8.733333333300001,-3.1568994548000004,7.926821858733334,2.4195344237,150.41984190000002,151.2595257,1.0
8.7416666667,-3.1605499984,7.934811110066667,2.4205666699,150.43972653,151.31917959,1.0
8.75,-3.1642016337,7.942801089133333,2.4215967326000007,150.4595921,151.3787763,1.0
8.7583333333,-3.1678543609,7.950791796133332,2.4226246115,150.47943862666668,151.43831588,1.0
8.7666666667,-3.1715081798999996,7.958783231066667,2.4236503069000013,150.49926612666667,151.49779838,1.0
8.774999999999999,-3.1751630908,7.966775393866666,2.4246738183999987,150.51907461,151.55722383,1.0
8.7833333333,-3.1788190935,7.974768284533333,2.4256951463000003,150.53886409,151.61659227,1.0
8.7916666667,-3.1824761880000003,7.9827619031333334,2.4267142906999983,150.55863458333332,151.67590375,1.0
8.799999999999999,-3.1861343744,7.990756249599999,2.427731251199999,150.57838610333332,151.73515831,1.0
8.8083333333,-3.1897936527,7.9987513240000006,2.4287460278999995,150.59811866333334,151.79435599,1.0
8.8166666667,-3.1934540227,8.006747126266667,2.4297586212999995,150.61783227333333,151.85349682,1.0
8.825,-3.1971154847,8.014743656466665,2.4307690306,150.63752695000002,151.91258085,1.0
8.8333333333,-3.2007780405,8.022740915866667,2.431777252300001,150.65720265333334,151.97160796,1.0
8.8416666667,-3.204441684,8.030738900466666,2.4327832987000004,150.67685955666667,152.03057867,1.0
8.85,-3.2081064229,8.038737615266665,2.4337871541999996,150.69649747666668,152.08949243,1.0
8.858333333300001,-3.2117722519,8.0467370568,2.4347888295000018,150.71611656333334,152.14834969,1.0
8.8666666667,-3.215439174,8.054737227133334,2.4357883187000002,150.73571675000002,152.20715025,1.0
8.875,-3.2191071848999995,8.062738123266666,2.436785630200001,150.75529816333332,152.26589449,1.0
8.8833333333,-3.2227762897,8.070739748666666,2.437780753899999,150.77486068666667,152.32458206,1.0
8.8916666667,-3.2264464864000004,8.078742102066666,2.4387736939,150.79440438,152.38321314,1.0
8.9,-3.2301177749,8.086745183266666,2.4397644502,150.81392926333334,152.44178779,1.0
8.9083333333,-3.2337901561,8.094748992933333,2.4407530211000004,150.83343532333333,152.50030597,1.0
8.9166666667,-3.2374636273000004,8.102753529333333,2.4417394120999987,150.85292264333333,152.55876793,1.0
8.924999999999999,-3.2411381912999997,8.110758794199999,2.4427236174,150.87239117,152.61717351,1.0
8.9333333333,-3.2448138469999996,8.118764786866667,2.443705639300001,150.89184093666665,152.67552281,1.0
8.9416666667,-3.248490596,8.126771508466666,2.4446854747,150.91127192333332,152.73381577,1.0
8.95,-3.2521684338999997,8.134778955933331,2.4456631322,150.93068425,152.79205275,1.0
8.9583333333,-3.2558473651,8.142787132266665,2.4466386031000003,150.95007782333334,152.85023347,1.0
8.9666666667,-3.2595273894,8.1507960374,2.4476118878999995,150.96945265,152.90835795,1.0
8.975,-3.2632085027,8.158805668466666,2.4485829946,150.98880886333333,152.96642659,1.0
8.983333333300001,-3.2668907092,8.166816028333333,2.4495519149000007,151.00814635999998,153.02443908,1.0
8.9916666667,-3.2705740088,8.174827117,2.4505186490999997,151.02746515333334,153.08239546,1.0
9.0,-3.2742583972999997,8.182838931533333,2.4514832054000006,151.04676537,153.14029611,1.0
9.008333333300001,-3.2779438789999995,8.190851474866665,2.4524455753000023,151.06604690999998,153.19814073,1.0
9.0166666667,-3.2816304524,8.198864746066667,2.453405761900001,151.08530982666664,153.25592948,1.0
9.025,-3.2853181176,8.206878745066668,2.4543637648,151.10455412666667,153.31366238,1.0
9.0333333333,-3.2890068744,8.2148934718,2.4553195844999998,151.12377983,153.37133949,1.0
9.041666666700001,-3.2926967240000002,8.222908927133334,2.4562732187000003,151.14298692,153.42896076,1.0
9.049999999999999,-3.296387664,8.23092510933333,2.457224671999999,151.16217547,153.48652641,1.0
9.0583333333,-3.3000796949000004,8.2389420188,2.458173943499999,151.18134548,153.54403644,1.0
9.0666666667,-3.3037728183999997,8.246959656733333,2.4591210299000004,151.20049692,153.60149076,1.0
9.075,-3.3074670336,8.2549780224,2.460065932799999,151.21962982333332,153.65888947,1.0
9.0833333333,-3.3111623403,8.262997115733334,2.4610086527000004,151.23874421000002,153.71623263,1.0
9.0916666667,-3.3148587386000004,8.271016936866666,2.4619491895,151.25784009,153.77352027,1.0
9.1,-3.3185562285,8.279037485666667,2.4628875429999995,151.27691747666665,153.83075243,1.0
9.108333333300001,-3.32225481,8.287058762200001,2.4638237133000005,151.29597637999998,153.88792914,1.0
9.1166666667,-3.3259544830000003,8.295080766466667,2.4647577007,151.31501682,153.94505046,1.0
9.125,-3.3296552476000003,8.303103498399999,2.4656895048,151.33403880333333,154.00211641,1.0
9.133333333300001,-3.3333571036,8.311126957933334,2.4666191261000012,151.35304234666668,154.05912704,1.0
9.1416666667,-3.3370600524000005,8.319151146066666,2.4675465619000003,151.37202742333332,154.11608227,1.0
9.15,-3.3407640907999996,8.327176060533333,2.468471818400001,151.39099414,154.17298242,1.0
9.1583333333,-3.3444692206,8.3352017026,2.469394892099999,151.40994245666667,154.22982737,1.0
9.166666666700001,-3.3481754423999996,8.343228072733334,2.470315781900002,151.42887236333334,154.28661709,1.0
9.175,-3.3518827557,8.351255170466667,2.4712344886000004,151.44778389333334,154.34335168,1.0
9.1833333333,-3.3555911603,8.359282995733333,2.472151012700001,151.46667706333332,154.40003119,1.0
9.1916666667,-3.359300657,8.367311549133333,2.4730653526999995,151.48555186666667,154.4566556,1.0
9.2,-3.3630112437000004,8.375340829133332,2.473977512599998,151.50440836333334,154.51322509,1.0
9.2083333333,-3.3667229223,8.383370837066666,2.4748874887000003,151.52324652333334,154.56973957,1.0
9.2166666667,-3.3704356922,8.3914015726,2.4757952823,151.54206637000001,154.62619911,1.0
9.225,-3.3741495533,8.399433035533333,2.476700893399999,151.56086792,154.68260376,1.0
9.233333333300001,-3.3778645057,8.407465226,2.4776043219000012,151.57965118333334,154.73895355,1.0
9.2416666667,-3.3815805492999997,8.415498143999999,2.478505568100001,151.59841617333333,154.79524852,1.0
9.25,-3.3852976853,8.423531790199998,2.4794046294000007,151.61716287,154.85148861,1.0
9.258333333300001,-3.3890159099,8.431566162133333,2.480301513500002,151.6358913933333,154.90767418,1.0
9.2666666667,-3.3927352267999997,8.439601262333333,2.481196213100002,151.65460164666666,154.96380494,1.0
9.275,-3.3964556349,8.447637089933334,2.4820887301999996,151.67329367666665,155.01988103,1.0
9.2833333333,-3.400177134,8.455673644866666,2.4829790653,151.69196750333333,155.07590251,1.0
9.291666666700001,-3.4038997241,8.463710927200001,2.483867218500001,151.71062313333334,155.1318694,1.0
9.3,-3.4076234052,8.4717489368,2.484753189600001,151.72926058,155.18778174,1.0
9.3083333333,-3.4113481772,8.479787673666666,2.4856369789000006,151.74787986,155.24363958,1.0
9.3166666667,-3.4150740401000004,8.487827137866667,2.486518586499999,151.76648098333334,155.29944295,1.0
9.325,-3.418800994,8.495867329333333,2.4873980119999994,151.78506396333333,155.35519189,1.0
9.333333333299999,-3.4225290386,8.503908247933332,2.4882752560999983,151.80362881333335,155.41088644,1.0
9.3416666667,-3.4262581741,8.511949893866666,2.4891503185,151.82217554333332,155.46652663,1.0
9.35,-3.4299884003,8.519992266866666,2.4900231993999995,151.84070417333334,155.52211252,1.0
9.3583333333,-3.4337197173000003,8.528035367066666,2.490893898699998,151.85921470666668,155.57764412,1.0
9.3666666667,-3.4374521249999996,8.536079194466666,2.4917624167000008,151.87770716333333,155.63312149,1.0
9.375,-3.4411856233,8.544123748866667,2.4926287534,151.89618155333332,155.68854466,1.0
9.3833333333,-3.444920214,8.552169031533332,2.4934929052999997,151.91463784333334,155.74391353,1.0
9.3916666667,-3.4486558916999996,8.560215038933332,2.4943548833000015,151.93307618666665,155.79922856,1.0
9.4,-3.4523926629000004,8.568261775266667,2.4952146741999996,151.95149642333334,155.85448927,1.0
9.4083333333,-3.4561305222,8.576309237,2.4960722888999993,151.96989870666667,155.90969612,1.0
9.416666666700001,-3.4598694732000004,8.5843574266,2.4969277203000004,151.98828295666667,155.96484887,1.0
9.425,-3.4636095146000003,8.592406343066667,2.4977809708000005,152.00664921666666,156.01994765,1.0
9.4333333333,-3.4673506463,8.6004559864,2.4986320407000004,152.0249975,156.0749925,1.0
9.4416666667,-3.4710928683,8.608506356666666,2.4994809301000003,152.04332781666668,156.12998345,1.0
9.45,-3.4748361806,8.616557453733332,2.5003276387999986,152.06164018666666,156.18492056000002,1.0
9.458333333299999,-3.4785805831000003,8.624609277599998,2.5011721670999982,152.07993461333334,156.23980383999998,1.0
9.4666666667,-3.4823260775000002,8.632661829466667,2.5020145117,152.09821107333332,156.29463321999998,1.0
9.475,-3.4860726586,8.640715105733332,2.5028546828000002,152.11646970666666,156.34940912000002,1.0
9.4833333333,-3.4898203314000003,8.6487691098,2.503692670499998,152.13471039333334,156.40413117999998,1.0
9.491666666699999,-3.4935690943,8.656823840666664,2.504528478099999,152.15293319333333,156.45879958,1.0
9.5,-3.4973189472,8.664879298133332,2.5053621055999997,152.17113812,156.51341436,1.0
9.5083333333,-3.5010698899999997,8.6729354822,2.5061935532999997,152.18932518,156.56797554000002,1.0
9.516666666699999,-3.5048219226,8.680992392866665,2.507022821499999,152.20749439333335,156.62248318000002,1.0
9.525,-3.5085750451,8.689050030066667,2.5078499097999996,152.22564576666667,156.67693730000002,1.0
9.5333333333,-3.512329258,8.697108394199999,2.5086748173000006,152.2437793,156.73133790000003,1.0
9.5416666667,-3.5160845609,8.705167485066665,2.5094975449,152.26189501000002,156.78568503000002,1.0
9.55,-3.519840953,8.713227302,2.5103180940000005,152.27999293666667,156.83997881,1.0
9.5583333333,-3.5235984319,8.721287843466666,2.5111364695000002,152.29807314333334,156.89421943000002,1.0
9.5666666667,-3.5273570025999996,8.729349112866666,2.5119526615000005,152.31613552333332,156.94840656999997,1.0
9.575,-3.5311166627999997,8.737411108533331,2.5127666744,152.33418013666667,157.00254041,1.0
9.583333333299999,-3.5348774131000003,8.745473830933332,2.5135785070999983,152.35220698666666,157.05662095999998,1.0
9.5916666667,-3.5386392533,8.75353728,2.5143881601000007,152.37021608333333,157.11064825,1.0
9.6,-3.5424021795000002,8.761601452999999,2.5151956409999996,152.38820754,157.16462262,1.0
9.6083333333,-3.5461661982,8.769666354333332,2.5160009368999994,152.40618120333332,157.21854360999998,1.0
9.616666666699999,-3.5499313036999998,8.777731980266665,2.5168040592999996,152.42413723,157.27241169,1.0
9.625,-3.5536974994,8.785798332933332,2.5176050011999997,152.44207554,157.32622662,1.0
9.6333333333,-3.5574647842,8.793865411666665,2.518403764899999,152.45999617666666,157.37998853,1.0
9.641666666699999,-3.5612331580000003,8.801933216466665,2.5192003506999985,152.47789915333334,157.43369746000002,1.0
9.65,-3.5650026207,8.810001747133333,2.5199947586000007,152.49578448,157.48735344,1.0
9.6583333333,-3.5687731722000002,8.818071003666667,2.5207869888999994,152.51365217333333,157.54095652,1.0
9.6666666667,-3.5725448125000003,8.826140986133332,2.5215770416999987,152.53150224,157.59450672000003,1.0
9.675,-3.5763175415,8.834211694333334,2.522364917000001,152.54933469666665,157.64800408999997,1.0
9.6833333333,-3.5800913592000003,8.842283128333333,2.523150614899999,152.56714955666666,157.70144867,1.0
9.6916666667,-3.5838662654,8.850355288066666,2.5239341358999994,152.58494683,157.75484049,1.0
9.700000000000001,-3.5876422616,8.8584281744,2.524715476800001,152.60272649333334,157.80817947999998,1.0
9.708333333299999,-3.5914193433,8.866501784399999,2.5254946466999986,152.62048866666666,157.861466,1.0
9.7166666667,-3.5951975148999997,8.874576121066667,2.5262716369000007,152.63823325666667,157.91469977000003,1.0
9.725,-3.5989767759,8.882651183933334,2.527046448199999,152.65596028000002,157.96788084000002,1.0
9.7333333333,-3.6027571226,8.8907269706,2.5278190880999993,152.67366984333333,158.02100953000001,1.0
9.741666666699999,-3.6065385594999997,8.898803484133332,2.5285895476999993,152.69136184666667,158.07408554,1.0
9.75,-3.610321083,8.906880722,2.5293578339999994,152.70903638666667,158.12710915999997,1.0
9.7583333333,-3.6141046950999995,8.914958685599998,2.5301239431,152.72669342333333,158.18008027000002,1.0
9.766666666699999,-3.6178893952,8.9230373746,2.5308878762999982,152.74433298666665,158.23299895999997,1.0
9.775,-3.6216751831000003,8.931116788733334,2.5316496337999994,152.76195509,158.28586527,1.0
9.7833333333,-3.6254620594,8.939196928466666,2.5324092144999995,152.77955972666666,158.33867917999999,1.0
9.7916666667,-3.6292500232,8.947277793266666,2.5331666202999994,152.79714693,158.39144079,1.0
9.8,-3.6330390728,8.955359381866666,2.533921854400001,152.81471675666668,158.44415027000002,1.0
9.8083333333,-3.6368292124000003,8.963441697133334,2.5346749084999995,152.83226910666667,158.49680732000002,1.0
9.8166666667,-3.6406204369000004,8.971524735733333,2.5354257928999986,152.84980412333334,158.54941237000003,1.0
9.825000000000001,-3.64441275,8.9796085,2.5361745000000013,152.86732172333333,158.60196517000003,1.0
9.8333333333,-3.6482061503,8.987692989066666,2.5369210327000005,152.88482194666668,158.65446584,1.0
9.8416666667,-3.6520006378,8.995778203,2.5376653910999996,152.90230481,158.70691442999998,1.0
9.85,-3.6557962123,9.003864141533333,2.5384075753999995,152.91977032666668,158.75931098,1.0
9.8583333333,-3.6595928738000003,9.011950804733333,2.5391475856999985,152.93721850333333,158.81165550999998,1.0
9.8666666667,-3.6633906222,9.0200381926,2.5398854223000007,152.95464935666666,158.86394807,1.0
9.875,-3.6671894573999997,9.028126304933332,2.540621085200001,152.9720629,158.91618870000002,1.0
9.8833333333,-3.6709893793,9.036215141733333,2.5413545746999997,152.98945914333333,158.96837742999998,1.0
9.891666666699999,-3.6747903878,9.044304702999998,2.5420858910999993,153.0068381,159.0205143,1.0
9.9,-3.6785924841,9.0523949894,2.5428150318,153.02419974666665,159.07259924,1.0
9.9083333333,-3.6823956643,9.060485998399999,2.5435420047000004,153.0415442,159.12463259999998,1.0
9.9166666667,-3.6861999320999996,9.068577732533331,2.5442668025000006,153.05887137,159.17661411,1.0
9.925,-3.6900052874,9.0766701916,2.5449894252000007,153.07618127,159.22854381000002,1.0
9.9333333333,-3.6938117263000003,9.084763373066666,2.5457098807,153.09347400666667,159.28042202,1.0
9.9416666667,-3.6976192525,9.092857279466665,2.5464281616999997,153.11074950333332,159.33224851,1.0
9.950000000000001,-3.7014278646000003,9.100951909733334,2.5471442708000005,153.12800779666665,159.38402338999998,1.0
9.9583333333,-3.7052375626,9.109047263933334,2.547858208100001,153.14524890333334,159.43574671,1.0
9.9666666667,-3.7090483463,9.117143341999999,2.5485699741000007,153.16247284,159.48741848999998,1.0
9.975000000000001,-3.7128602156,9.125240143733333,2.549279568800001,153.17967961000002,159.53903880000001,1.0
9.9833333333,-3.7166731704999996,9.1333376692,2.5499869922999996,153.19686922666668,159.59060764999998,1.0
9.9916666667,-3.7204872109000005,9.1414359184,2.5506922449,153.21404170333332,159.64212507999997,1.0
10.0,-3.7243023365,9.149534890999998,2.551395327,153.23119705666667,159.69359113999997,1.0
10.008333333,-3.7281185474000003,9.157634586933334,2.552096238199999,153.24833529666668,159.74500586,1.0
10.016666667,-3.7319358440999997,9.165735007399999,2.5527949788000015,153.26545641333334,159.79636920999997,1.0
10.025,-3.7357542243000004,9.173836149533333,2.553491551399999,153.28256048,159.84768141,1.0
10.033333333,-3.7395736902000003,9.181938015466667,2.5541859525999993,153.29964745333334,159.89894233,1.0
10.041666667,-3.7433942409,9.190040605266667,2.5548781851999998,153.31671736,159.95015204999999,1.0
10.05,-3.7472158763000003,9.198143917533333,2.5555682474,153.33377021333334,160.00131061000002,1.0
10.058333333,-3.7510385962,9.2062479528,2.5562561406000004,153.35080603,160.05241805999998,1.0
10.066666667,-3.7548624005000004,9.214352711666667,2.556941865999999,153.36782481666668,160.10347442,1.0
10.075000000000001,-3.7586872892,9.2224581928,2.557625421600001,153.38482658666666,160.15447973,1.0
10.083333332999999,-3.7625132628999998,9.230564397266665,2.5583068071999993,153.40181134000002,160.20543399000002,1.0
10.091666667,-3.7663403214000004,9.238671325599999,2.5589860241999993,153.41877908333333,160.25633721999998,1.0
10.100000000000001,-3.7701684602,9.246778973466668,2.5596630796000017,153.43572993666666,160.30718978,1.0
10.108333333,-3.7739976851000003,9.2548873454,2.5603379627999985,153.45266377,160.35799127999996,1.0
10.116666667,-3.7778279938000003,9.262996440533334,2.5610106793999994,153.46958065333334,160.40874193000002,1.0
10.125,-3.7816593861000003,9.2711062574,2.5616812277999994,153.48648059,160.45944174,1.0
10.133333333,-3.7854918618999998,9.279216796599998,2.5623496092,153.50336360333333,160.51009077999998,1.0
10.141666667,-3.7893254211000005,9.287328058733333,2.5630158247999995,153.5202296966667,160.56068906000002,1.0
10.15,-3.7931600636,9.2954400424,2.5636798728000003,153.53707888333335,160.61123662,1.0
10.158333333,-3.7969957892,9.303552748133333,2.5643417545999996,153.55391118,160.66173350999998,1.0
10.166666667,-3.8008325986,9.311666177066666,2.5650014698,153.57072658,160.71217971,1.0
10.174999999999999,-3.8046704893000003,9.319780326199998,2.5656590213999984,153.58752514666668,160.76257541,1.0
10.183333333,-3.8085094636,9.327895197733334,2.5663144058,153.60430684000002,160.81292049,1.0
10.191666667,-3.8123495206,9.336010791733333,2.5669676258,153.62107169333333,160.86321505,1.0
10.2,-3.81619066,9.344127106666665,2.567618679999999,153.63781971333336,160.91345911000002,1.0
10.208333333,-3.8200328819,9.352244143266667,2.568267569200001,153.65455091333334,160.96365271000002,1.0
10.216666667,-3.8238761859,9.360361901933333,2.5689142952000004,153.67126530666667,161.01379588999998,1.0
10.225,-3.8277205720999996,9.3684803814,2.5695588558000004,153.68796291,161.0638887,1.0
10.233333333,-3.8315660403000003,9.376599582199999,2.5702012523999986,153.70464373333334,161.11393113999998,1.0
10.241666667,-3.8354125903,9.384719504866666,2.570841486400001,153.72130778333334,161.16392328999996,1.0
10.25,-3.8392602221,9.392840148066666,2.5714795558,153.73795507666668,161.21386516999996,1.0
10.258333333,-3.8431089362,9.400961512799999,2.572115460599999,153.75458560333334,161.26375674999997,1.0
10.266666667,-3.8469587302,9.409083598133332,2.572749206600001,153.77119943666668,161.31359824999998,1.0
10.274999999999999,-3.8508096062,9.417206404133331,2.5733807875999983,153.78779653,161.36338953,1.0
10.283333333,-3.8546615635000006,9.425329931,2.5740102059999987,153.80437691666668,161.41313069,1.0
10.291666667000001,-3.8585146032999997,9.4334541802,2.5746374604000017,153.82094056666668,161.46282163999996,1.0
10.299999999999999,-3.8623687208,9.441579147199999,2.5752625583999986,153.83748761,161.51246276999996,1.0
10.308333333,-3.8662239207,9.449704835799999,2.5758854916000007,153.85401794333333,161.56205376999998,1.0
10.316666667,-3.8700802012,9.457831245466666,2.5765062645999994,153.87053161666668,161.61159478999997,1.0
10.325,-3.8739375621,9.465958374733333,2.577124875799999,153.88702864666666,161.66108587999997,1.0
10.333333333,-3.8777960033,9.4740862242,2.5777413264000004,153.9035090366667,161.71052705,1.0
10.341666667,-3.8816555246,9.4822147944,2.5783556177999998,153.91997280666666,161.75991835999997,1.0
10.35,-3.885516126,9.490344084,2.578967747999999,153.93641996666668,161.80925983999998,1.0
10.358333333,-3.8893778073,9.498474093533332,2.5795777183999995,153.95285052666668,161.85855152,1.0
10.366666667,-3.8932405682,9.506604823466667,2.580185530600001,153.96926451000002,161.90779344,1.0
10.375,-3.8971044087,9.514736272466667,2.580791182599999,153.98566191,161.95698564,1.0
10.383333333,-3.9009693294000005,9.5228684416,2.5813946741999985,154.00204273,162.00612809999998,1.0
10.391666667,-3.9048353278,9.531001329866665,2.581996011400001,154.01840704000003,162.05522103,1.0
10.4,-3.9087024074,9.539134938266667,2.5825951852000006,154.03475476000003,162.10426419,1.0
10.408333333,-3.9125705631999996,9.547269264133332,2.583192206600001,154.05108602333334,162.15325798,1.0
10.416666667000001,-3.9164397992,9.5554043108,2.5837870686000013,154.06740073666666,162.20220212,1.0
10.424999999999999,-3.9203101138,9.563540075866666,2.5843797723999997,154.08369895333337,162.25109677000003,1.0
10.433333333,-3.9241815069,9.571676559933334,2.5849703192,154.09998068000002,162.29994195000003,1.0
10.441666667,-3.9280539783000004,9.579813763533332,2.585558710399999,154.11624593,162.3487377,1.0
10.45,-3.9319275278,9.587951685199998,2.586144944399999,154.13249471666666,162.39748405999998,1.0
10.458333333,-3.935802157,9.596090326666666,2.586729019000001,154.14872702000002,162.44618094,1.0
10.466666667,-3.9396778607,9.604229685133333,2.5873109456000005,154.16494295666666,162.49482874999998,1.0
10.475,-3.9435546437,9.612369762466667,2.587890712599999,154.18114242333334,162.54342714999999,1.0
10.483333333000001,-3.9474325042,9.620510558133333,2.588468324600001,154.1973254766667,162.59197630999998,1.0
10.491666667,-3.951311442,9.628652072666666,2.5890437830000006,154.21349212666667,162.64047625999999,1.0
10.5,-3.9551914578000003,9.636794305199999,2.5896170844,154.22964237,162.68892699,1.0
10.508333333,-3.9590725489,9.644937254599999,2.5901882351999994,154.24577627,162.73732869,1.0
10.516666667,-3.9629547176999997,9.653080923133333,2.5907572316000014,154.26189378333333,162.78568123,1.0
10.525,-3.9668379631999997,9.661225308799999,2.591324073600001,154.2779949466667,162.83398472000002,1.0
10.533333333,-3.9707222859000004,9.6693704126,2.5918887611999986,154.2940797533333,162.88223911,1.0
10.541666667000001,-3.9746076853,9.677516234866667,2.5924512964000006,154.31014821333332,162.93044449,1.0
10.549999999999999,-3.9784941593000003,9.685662772866666,2.5930116813999984,154.32620039666665,162.97860104,1.0
10.558333333,-3.9823817088,9.693810027866666,2.5935699154,154.34223627999998,163.02670869000002,1.0
10.566666667,-3.986270334,9.701958000666666,2.5941259989999996,154.35825587333332,163.07476747000004,1.0
10.575,-3.9901600357,9.710106690466667,2.5946799285999984,154.37425916666666,163.12277735000004,1.0
10.583333333,-3.9940508128,9.7182560972,2.5952317074000013,154.39024619666665,163.17073841,1.0
10.591666667,-3.9979426659999997,9.726406222,2.5957813350000003,154.40621694666666,163.21865066000004,1.0
10.6,-4.0018355934,9.734557062266667,2.5963288131999995,154.42217147,163.26651422999998,1.0
10.608333333000001,-4.0057295949,9.7427086186,2.596874143200001,154.43810978,163.31432916,1.0
10.616666667,-4.0096246719,9.750860892599999,2.5974173232,154.45403185,163.36209537000002,1.0
10.625,-4.013520825,9.759013883333333,2.5979583500000007,154.46993767333333,163.40981284000003,1.0
10.633333333,-4.0174180492,9.767167588133333,2.5984972346,154.48582738666667,163.45748195,1.0
10.641666667,-4.0213163492,9.7753220108,2.5990339686000006,154.50170087,163.5051024,1.0
10.65,-4.0252157231,9.783477148733333,2.599568553800001,154.51755818333334,163.55267434,1.0
10.658333333,-4.0291161708,9.791633002533333,2.6001009913999997,154.53339933666666,163.6001978,1.0
10.666666667,-4.033017694100001,9.799789574066667,2.600631278799998,154.54922429666667,163.64767268000003,1.0
10.674999999999999,-4.0369202875,9.807946858333333,2.6011594249999987,154.56503320333334,163.69509936999998,1.0
10.683333333,-4.0408239545,9.816104858333333,2.6016854239999994,154.58082597333333,163.74247767999998,1.0
10.691666667,-4.0447286953,9.824263574866666,2.6022092764,154.59660261000002,163.78980759,1.0
10.7,-4.048634509,9.832423005999999,2.602730981999999,154.61236315333335,163.83708922,1.0
10.708333333,-4.0525413952000005,9.840583152133334,2.6032505425999997,154.62810761333336,163.88432257,1.0
10.716666667,-4.0564493539,9.848744013933333,2.6037679592000007,154.64383599333334,163.93150771,1.0
10.725,-4.0603583856,9.856905590399998,2.6042832288,154.65954829333336,163.97864461,1.0
10.733333333000001,-4.0642684877,9.865067880466666,2.6047963576000015,154.67524458333335,164.02573347999999,1.0
10.741666666999999,-4.0681796632000005,9.873230886799998,2.605307340599998,154.69092480333333,164.07277410999998,1.0
10.75,-4.0720919087,9.881394605799999,2.6058161826,154.70658903,164.11976679,1.0
10.758333333,-4.0760052264,9.889559039599998,2.6063228801999987,154.7222372233333,164.16671137,1.0
10.766666666999999,-4.079919615400001,9.897724188266666,2.606827436199998,154.73786941666665,164.21360795,1.0
10.775,-4.0838350753,9.9058900502,2.607329849400001,154.75348562666667,164.26045655,1.0
10.783333333,-4.0877516078,9.914056627199999,2.6078301174000007,154.76908581666666,164.30725712,1.0
10.791666667,-4.0916692074,9.922223916266667,2.6083282521999998,154.78467012,164.35401003,1.0
10.8,-4.0955878791,9.9303919194,2.6088242418000007,154.80023843666666,164.40071495,1.0
10.808333333,-4.099507621,9.938560636,2.6093180910000005,154.81579080666666,164.44737206000002,1.0
10.816666667,-4.1034284341000005,9.946730067399999,2.609809798799999,154.83132722333332,164.49398131000004,1.0
10.825,-4.1073503166,9.954900211066665,2.6102993667999996,154.84684774,164.54054283,1.0
10.833333333,-4.1112732657,9.963071065800001,2.6107868015999998,154.86235241,164.58705684,1.0
10.841666667,-4.115197287,9.971242636,2.611272093,154.87784112333333,164.63352298,1.0
10.85,-4.119122377,9.979414918,2.6117552459999995,154.89331397666666,164.67994151,1.0
10.858333333000001,-4.1230485355,9.987587912333334,2.6122362620000015,154.90877096333332,164.72631246999998,1.0
10.866666666999999,-4.1269757615,9.995761619,2.612715143999999,154.92421212333332,164.77263595,1.0
10.875,-4.1309040571,10.003936038066666,2.613191885799999,154.93963742,164.81891180999997,1.0
10.883333333,-4.134833421,10.012111169333332,2.613666491,154.95504687666667,164.86514017999997,1.0
10.891666666999999,-4.138763853,10.020287013333332,2.6141389609999983,154.97044052333334,164.91132109,1.0
10.9,-4.1426953527000006,10.028463568466666,2.6146092945999992,154.98581836000002,164.9574546,1.0
10.908333333,-4.146627919999999,10.036640835333332,2.615077493000001,155.0011804066667,165.00354070999998,1.0
10.916666667,-4.150561554599999,10.0448188144,2.6155435578000006,155.01652666333334,165.04957947999998,1.0
10.925,-4.1544962564,10.052997504266667,2.616007487200001,155.03185715333333,165.09557094999997,1.0
10.933333333,-4.158432026,10.061176906,2.6164692810000005,155.04717187000003,165.14151507,1.0
10.941666667,-4.1623688605,10.069357018333331,2.616928946,155.06247087666668,165.18741208999998,1.0
10.95,-4.1663067623,10.077537841533331,2.6173864754,155.07775413333331,165.23326183,1.0
10.958333333,-4.1702457303,10.085719375533333,2.6178418724000014,155.09302166666666,165.27906443,1.0
10.966666667,-4.1741857643,10.093901620866667,2.6182951384000006,155.10827349666667,165.32481989000001,1.0
10.975,-4.1781268641,10.102084576066666,2.618746271799999,155.12350962,165.37052826000001,1.0
10.983333333000001,-4.1820690294,10.1102682416,2.619195274200001,155.13873006999998,165.41618957999998,1.0
10.991666667,-4.18601226,10.118452618,2.6196421470000004,155.15393484333333,165.46180386999998,1.0
11.0,-4.1899565579,10.126637705266667,2.620086884199999,155.16912390000002,165.50737104,1.0
11.008333333000001,-4.1939019161,10.1348234994,2.620529500800002,155.18429742,165.55289156999999,1.0
11.016666666999999,-4.1978483434,10.143010006933332,2.6209699802,155.19945519333334,165.59836488999997,1.0
11.025,-4.2017958305,10.151197220333334,2.6214083390000003,155.21459745333334,165.64379163999996,1.0
11.033333333,-4.205744384,10.159385144666667,2.621844565,155.22972404666666,165.68917138999998,1.0
11.041666667,-4.2096940013,10.167573778866664,2.6222786643999996,155.24483503666667,165.73450436,1.0
11.05,-4.2136446823,10.175763121533333,2.6227106354000007,155.25993044666666,165.77979056000004,1.0
11.058333333,-4.2175964287,10.183953174466666,2.6231404755999996,155.27501023333332,165.82502989,1.0
11.066666667,-4.2215492341,10.192143934066666,2.6235681987999993,155.29007454666666,165.87022283,1.0
11.075,-4.2255031043999995,10.200335402933332,2.6239937912,155.30512326666667,165.91536896000002,1.0
11.083333333,-4.229458037400001,10.208527580266667,2.6244172581999994,155.3201564466667,165.96046847000002,1.0
11.091666667,-4.2334140347,10.216720467799998,2.6248385976,155.33517405333333,166.00552129,1.0
11.1,-4.2373710903,10.2249140602,2.6252578194,155.35017623666667,166.05052781,1.0
11.108333333000001,-4.2413292097,10.2331083618,2.625674913600001,155.3651628766667,166.09548769999998,1.0
11.116666667,-4.2452883925,10.241303373000001,2.6260898820000005,155.3801339866667,166.14040100000003,1.0
11.125,-4.249248633100001,10.249499088733334,2.626502733799999,155.39508969666667,166.1852681,1.0
11.133333333000001,-4.253209937599999,10.257695513733333,2.6269134578000024,155.41002987333334,166.23008862999998,1.0
11.141666666999999,-4.2571723011,10.265892645399997,2.6273220647999995,155.42495464666666,166.27486292000003,1.0
11.15,-4.2611357262,10.274090484133334,2.6277285476000003,155.43986395666667,166.31959082000003,1.0
11.158333333,-4.2651002116,10.282289029733333,2.6281329097999997,155.45475783999998,166.36427243999998,1.0
11.166666667,-4.2690657571,10.290488282733332,2.6285351527999996,155.46963630333335,166.4089078,1.0
11.175,-4.2730323654,10.2986882436,2.628935269200001,155.48449929666668,166.45349675,1.0
11.183333333,-4.2770000274,10.306888906933333,2.6293332782000007,155.49934703,166.49803992000002,1.0
11.191666667,-4.2809687517,10.315090279133333,2.6297291636000004,155.51417931666666,166.54253674999998,1.0
11.200000000000001,-4.284938535,10.323292356666666,2.6301229300000006,155.52899623666664,166.58698748,1.0
11.208333333,-4.2889093772,10.331495140133335,2.6305145785999997,155.54379779666667,166.63139213,1.0
11.216666667,-4.2928812778,10.339698629866668,2.6309041113999996,155.55858401666669,166.67575076000003,1.0
11.225,-4.296854238,10.347902825333332,2.631291524,155.57335487333333,166.7200633,1.0
11.233333333,-4.3008282537,10.356107724466664,2.6316768255999996,155.58811047,166.76433005999996,1.0
11.241666667,-4.3048033283,10.3643133302,2.6320600104,155.60285073,166.80855081,1.0
11.25,-4.3087794614,10.372519640933334,2.6324410771999993,155.61757567333336,166.85272561000002,1.0
11.258333333,-4.3127566498,10.3807266552,2.6328200334,155.63228537999998,166.89685466999998,1.0
11.266666666999999,-4.316734896,10.388934375333331,2.6331968749999994,155.64697979000002,166.94093787000003,1.0
11.275,-4.3207141988,10.3971427992,2.6335716024,155.66165894,166.98497528999997,1.0
11.283333333,-4.3246945581,10.4053519274,2.6339442168,155.6763228466667,167.02896698,1.0
11.291666667,-4.3286759756999995,10.413561761799999,2.6343147156000004,155.69097147,167.07291279,1.0
11.3,-4.332658444500001,10.421772296333334,2.6346831109999993,155.70560497,167.11681326000001,1.0
11.308333333,-4.3366419712,10.429983536133332,2.6350493906000008,155.72022320666665,167.16066794,1.0
11.316666667,-4.3406265555,10.438195481666666,2.6354135559999996,155.73482620000001,167.20447686,1.0
11.325000000000001,-4.34461219,10.446408126666668,2.6357756200000004,155.74941410666668,167.24824055,1.0
11.333333332999999,-4.3485988816,10.4546214764,2.6361355697999986,155.76398678666666,167.29195855999996,1.0
11.341666667,-4.3525866276,10.462835529733333,2.6364934118,155.77854431333333,167.33563108000004,1.0
11.35,-4.3565754277,10.471050285133332,2.6368491445999993,155.7930866833333,167.37925816,1.0
11.358333333,-4.3605652817,10.479265743133332,2.6372027696,155.80761392,167.42283980999997,1.0
11.366666667,-4.3645561893,10.4874819042,2.6375542884000005,155.82212603000002,167.46637611,1.0
11.375,-4.3685481501,10.495698766733334,2.6379036998000007,155.83662302999997,167.50986705,1.0
11.383333333,-4.372541163899999,10.503916331266666,2.6382510052000008,155.85110493,167.55331269000004,1.0
11.391666666999999,-4.3765352304,10.512134598266666,2.638596206199999,155.86557173666668,167.59671308000003,1.0
11.4,-4.3805303493,10.5203535662,2.6389393014000007,155.88002347333335,167.64006823,1.0
11.408333333,-4.3845265203,10.528573235533333,2.6392802924000005,155.89446014333336,167.68337818,1.0
11.416666667,-4.3885237431,10.536793606733333,2.6396191807999987,155.9088817566667,167.72664299,1.0
11.425,-4.3925220174,10.545014678266668,2.6399559652000004,155.92328833666667,167.76986267,1.0
11.433333333,-4.3965213451,10.553236452066667,2.6402906428,155.93767984666667,167.81303714,1.0
11.441666667,-4.4005217195,10.561458924333333,2.640623227999999,155.95205642666667,167.85616682000003,1.0
11.450000000000001,-4.4045231467,10.5696820978,2.6409537066000013,155.96641796333333,167.89925137,1.0
11.458333332999999,-4.4085256262,10.577905972799998,2.641282080599998,155.98076446000002,167.94229080000002,1.0
11.466666667,-4.4125291517,10.5861305458,2.6416083635999996,155.99509607000002,167.98528556999997,1.0
11.475,-4.4165337289,10.594355819266667,2.6419325421999993,156.00941266666666,168.02823529999998,1.0
11.483333333,-4.4205393556,10.602581792399999,2.6422546217999994,156.02371431,168.07114017000004,1.0
11.491666667,-4.4245460314,10.6108084656,2.6425746042,156.03800101,168.11400020999997,1.0
11.5,-4.4285537569999995,10.619035837999999,2.642892486000001,156.05227276333332,168.15681541,1.0
11.508333333,-4.4325625292,10.627263908133333,2.643208274599999,156.06652964333333,168.19958596000004,1.0
11.516666667,-4.4365723506000005,10.6354926784,2.6435219657999998,156.08077159,168.24231174,1.0
11.525,-4.4405832212,10.643722147466665,2.6438335576000007,156.09499861333333,168.28499274999996,1.0
11.533333333,-4.4445951368,10.651952313199999,2.6441430593999993,156.10921082,168.32762928,1.0
11.541666667,-4.4486081023,10.660183179533332,2.6444504624,156.12340809333332,168.37022104,1.0
11.55,-4.4526221121,10.6684147414,2.6447557758,156.13759057000001,168.41276840999996,1.0
11.558333333,-4.4566371712,10.6766470028,2.645058990600001,156.15175814666665,168.45527105000002,1.0
11.566666667,-4.4606532741,10.684879960733333,2.6453601187999993,156.16591095,168.49772937,1.0
11.575000000000001,-4.4646704241999995,10.693113616133333,2.645659151600002,156.1800489,168.54014315999999,1.0
11.583333332999999,-4.468688622199999,10.70134797013333,2.6459560886,156.194172,168.58251237000002,1.0
11.591666667,-4.4727078615,10.709583019,2.646250944,156.20828039333335,168.62483745999998,1.0
11.600000000000001,-4.4767281508000005,10.7178187672,2.6465436984000004,156.22237389,168.66711789000001,1.0
11.608333333,-4.4807494817,10.726055209799998,2.6468343695999987,156.23645269,168.7093542,1.0
11.616666667,-4.4847718546,10.734292347733334,2.6471229578000006,156.25051678333332,168.75154639000002,1.0
11.625,-4.488795275299999,10.742530183533333,2.6474094494000013,156.26456604999998,168.79369409999998,1.0
11.633333333,-4.4928197379,10.750768713933333,2.6476938572,156.27860062,168.83579771999996,1.0
11.641666667,-4.4968452449,10.759007941266667,2.6479761772000003,156.29262045,168.87785712000004,1.0
11.65,-4.5008717964,10.767247864266666,2.6482564072,156.30662554,168.9198723,1.0
11.658333333,-4.504899388,10.775488480666667,2.6485345569999996,156.32061598666667,168.96184355,1.0
11.666666667,-4.5089280235,10.783729793666666,2.648810619999999,156.33459172666667,169.00377064999998,1.0
11.675,-4.5129577025,10.791971801666666,2.6490845950000015,156.34855275666666,169.04565365,1.0
11.683333333,-4.5169884207,10.800214502466666,2.6493564916000008,156.3624991833333,169.08749283999998,1.0
11.691666667,-4.5210201817,10.808457899133332,2.6496263036,156.37643093666668,169.12928798,1.0
11.700000000000001,-4.5250529839,10.816701989266665,2.6498940322000006,156.39034804333332,169.17103921,1.0
11.708333333,-4.5290868269,10.824946773266667,2.6501596791999997,156.4042505333333,169.21274656,1.0
11.716666667,-4.533121710500001,10.833192251666667,2.650423245999999,156.41813841,169.25441007,1.0
11.725,-4.5371576342,10.8414384228,2.6506847316,156.43201168,169.29602979,1.0
11.733333333,-4.541194597800001,10.849685287199998,2.650944137399998,156.44587036666667,169.33760573,1.0
11.741666667,-4.5452326017999995,10.857932845866666,2.6512014634000014,156.4597144533333,169.37913787,1.0
11.75,-4.5492716431,10.866181095399998,2.6514567138,156.47354402,169.42062645,1.0
11.758333333,-4.5533117265,10.874430039666665,2.6517098800000003,156.48735896333332,169.46207116,1.0
11.766666667,-4.5573528437,10.8826796738,2.6519609796,156.50115946666668,169.50347254999997,1.0
11.774999999999999,-4.5613950014,10.890930000933333,2.652209997199998,156.51494539,169.54483020000004,1.0
11.783333333,-4.5654381969,10.899181019933332,2.6524569392000004,156.5287168066667,169.58614430000003,1.0
11.791666667000001,-4.5694824298,10.9074327312,2.6527018074000015,156.54247371,169.62741489,1.0
11.799999999999999,-4.5735277008,10.915685133866663,2.6529445983999995,156.55621611,169.66864194000004,1.0
11.808333333,-4.5775740081,10.9239382274,2.6531853168,156.56994403666667,169.7098256,1.0
11.816666667,-4.58162135,10.932192011333331,2.653423967,156.58365753666666,169.75096595000002,1.0
11.825,-4.5856697293,10.940446486199999,2.653660541399999,156.59735655,169.79206287000002,1.0
11.833333333,-4.5897191443,10.948701651533334,2.6538950444000005,156.61104112666666,169.83311644999998,1.0
11.841666667,-4.5937695947,10.9569575078,2.6541274775999995,156.62471127333333,169.87412674,1.0
11.85,-4.5978210802,10.965214053466667,2.6543578395999994,156.638367,169.91509377,1.0
11.858333333,-4.6018736002,10.973471288799999,2.6545861325999986,156.65200832333335,169.95601759,1.0
11.866666667,-4.6059271547,10.981729214466668,2.654812357600001,156.66563525,169.99689822,1.0
11.875,-4.6099817430000005,10.989987828666665,2.655036513999999,156.6792478033333,170.03773569999998,1.0
11.883333333,-4.614037365,10.998247131999998,2.655258603,156.69284598000002,170.07853007999998,1.0
11.891666667,-4.6180940227,11.006507126466667,2.6554786216000004,156.70642974333336,170.11928122,1.0
11.899999999999999,-4.6221517083,11.014767805533332,2.6556965833999993,156.71999927666667,170.15998964,1.0
11.908333333,-4.6262104289,11.0230291746,2.655912475199999,156.73355442666667,170.20065491000003,1.0
11.916666667000001,-4.630270181699999,11.031291232466666,2.6561263036000025,156.74709524666665,170.24127722000003,1.0
11.924999999999999,-4.6343309662,11.039553977466667,2.6563380675999984,156.76062176333335,170.28185659,1.0
11.933333333,-4.6383927823,11.0478174102,2.6565477683999994,156.77413398666667,170.32239307999998,1.0
11.941666667,-4.6424556317,11.056081532466665,2.6567554036,156.78763187333334,170.36288656,1.0
11.95,-4.6465195071,11.064346338066665,2.6569609857999996,156.80111559666668,170.40333751999998,1.0
11.958333333,-4.6505844153,11.0726118322,2.6571645024000006,156.81458500333335,170.44374556000002,1.0
11.966666667,-4.6546503534,11.0808780136,2.6573659602,156.82804016333333,170.48411086,1.0
11.975,-4.6587173212,11.0891448808,2.6575653575999993,156.84148109333333,170.52443344,1.0
11.983333333,-4.6627853182,11.097412434133332,2.657762696599999,156.85490779333335,170.56471336,1.0
11.991666667,-4.666854344,11.105680674,2.6579579790000007,156.86832029,170.60495064,1.0
12.0,-4.6709243982999995,11.113949598866665,2.658151203400001,156.8817185866667,170.64514532,1.0
12.008333333,-4.6749954808,11.122219209199999,2.6583423714,156.89510269999997,170.68529744999998,1.0
12.016666667,-4.679067591,11.130489505333333,2.658531485000001,156.9084726366667,170.72540704999997,1.0
12.025,-4.6831407286,11.138760485733332,2.658718542800001,156.92182841666667,170.76547415000005,1.0
12.033333333,-4.6872148933,11.147032150866666,2.6589035463999995,156.93517004,170.80549881,1.0
12.041666667000001,-4.6912900845,11.155304501,2.6590864980000006,156.94849753333332,170.84548105,1.0
12.049999999999999,-4.695366302,11.163577534666667,2.659267395999999,156.96181089666666,170.88542093,1.0
12.058333333,-4.6994435453,11.1718512522,2.6594462423999996,156.97511015,170.92531845000002,1.0
12.066666667,-4.7035218141,11.180125654066666,2.6596230387999995,156.98839530333333,170.96517367,1.0
12.075,-4.7076011080999995,11.188400738733332,2.6597977838,157.00166636666668,171.00498662,1.0
12.083333333,-4.7116814267,11.196676506466668,2.6599704796,157.01492335666669,171.04475735,1.0
12.091666667,-4.7157627697,11.2049529578,2.6601411275999993,157.02816628666667,171.08448587,1.0
12.1,-4.7198451367,11.213230091133333,2.6603097265999995,157.04139515666665,171.12417223999998,1.0
12.108333333000001,-4.7239285272,11.2215079068,2.660476278600001,157.05460999333334,171.16381648000004,1.0
12.116666667,-4.728012940899999,11.229786405266665,2.660640785200002,157.06781080333334,171.20341864,1.0
12.125,-4.7320983774,11.238065584933333,2.6608032452000003,157.08099759666666,171.24297874999996,1.0
12.133333333,-4.7361848363000005,11.2463454462,2.6609636603999984,157.09417038666666,171.28249685,1.0
12.141666667,-4.7402723189,11.2546259906,2.6611220292000013,157.10732915,171.32197287000002,1.0
12.15,-4.7443608198,11.262907213199998,2.6612783604000008,157.12047401333334,171.36140716,1.0
12.158333333,-4.7484503436,11.271189117733332,2.6614326457999997,157.13360486666667,171.40079945,1.0
12.166666667000001,-4.7525408881999995,11.279471703466665,2.661584890600002,157.14672177,171.44014986000002,1.0
12.174999999999999,-4.7566324533,11.287754968866665,2.661735093399999,157.15982473333335,171.47945844999998,1.0
12.183333333,-4.7607250384,11.296038914266667,2.6618832561999994,157.17291376333333,171.51872524000004,1.0
12.191666667,-4.7648186432,11.304323540133334,2.6620293806,157.18598888666668,171.55795028,1.0
12.2,-4.7689132672,11.3126088448,2.6621734655999987,157.1990500933333,171.59713359999998,1.0
12.208333333,-4.773008910100001,11.320894828733334,2.6623155127999993,157.21209741333334,171.63627522999997,1.0
12.216666667,-4.7771055715,11.329181492333333,2.6624555240000003,157.22513085333333,171.67537522000003,1.0
12.225,-4.7812032509,11.337468833933332,2.6625934981999997,157.23815042333334,171.7144336,1.0
12.233333333000001,-4.785301948,11.345756854000001,2.662729437000001,157.25115613666665,171.75345041000003,1.0
12.241666666999999,-4.7894016624,11.354045552933332,2.662863342199998,157.26414800333336,171.79242568,1.0
12.25,-4.7935023953,11.3623349302,2.6629952094,157.27712601,171.83135934,1.0
12.258333333,-4.7976041412,11.370624982799999,2.6631250505999997,157.29009026000003,171.87025176,1.0
12.266666666999999,-4.8017069049000005,11.3789157146,2.663252857199998,157.30304067333336,171.90910264000001,1.0
12.275,-4.8058106842,11.3872071228,2.6633786316000005,157.31597729666666,171.94791212,1.0
12.283333333,-4.8099154788,11.395499207866665,2.6635023754000002,157.32890013,171.98668026,1.0
12.291666667,-4.8140212882,11.403791970133334,2.663624090599999,157.34180919999997,172.02540708,1.0
12.3,-4.8181281119,11.412085407933333,2.6637437762000005,157.3547045,172.06409262,1.0
12.308333333,-4.8222359497000005,11.420379521800001,2.6638614335999993,157.36758606333333,172.10273691999998,1.0
12.316666667,-4.8263448011,11.428674312066665,2.663977064799999,157.38045389666667,172.14134,1.0
12.325,-4.8304546657,11.436969777133331,2.6640906686,157.393308,172.17990192000002,1.0
12.333333333,-4.834565543,11.445265917333334,2.6642022470000004,157.40614839666665,172.21842269,1.0
12.341666667,-4.8386774326,11.453562733066665,2.6643118018000003,157.41897509666668,172.25690237,1.0
12.35,-4.8427903342,11.461860222799999,2.6644193315999996,157.43178811333334,172.29534099999998,1.0
12.358333333000001,-4.8469042472999995,11.470158386866666,2.664524838400002,157.44458745333336,172.33373859999998,1.0
12.366666666999999,-4.8510191725,11.478457226333333,2.6646283219999987,157.45737311000002,172.37209514999998,1.0
12.375,-4.8551351064,11.486756737599999,2.6647297872000006,157.4701451666667,172.41041087,1.0
12.383333333,-4.8592520515,11.495056923,2.6648292299999987,157.48290356333334,172.44868561000004,1.0
12.391666666999999,-4.8633700065,11.503357782333334,2.6649266539999985,157.49564834333333,172.48691947000003,1.0
12.4,-4.867488971899999,11.5116593146,2.6650220562000015,157.50837948,172.52511242999998,1.0
12.408333333,-4.8716089456,11.519961519066666,2.6651154417999994,157.52109703666667,172.56326461999998,1.0
12.416666667,-4.8757299262,11.528264395466666,2.6652068145999994,157.53380104333334,172.60137616,1.0
12.425,-4.8798519162,11.536567944133333,2.665296167600001,157.54649144333334,172.63944688000004,1.0
12.433333333,-4.8839749139999995,11.544872164666666,2.665383505000001,157.55916828333332,172.67747688999998,1.0
12.441666667,-4.8880989205,11.553177058333333,2.6654688259999997,157.57183154333333,172.71546615999998,1.0
12.45,-4.8922239311,11.561482620733333,2.665552137799999,157.58448132333334,172.75341499,1.0
12.458333333,-4.8963499494,11.569788854933332,2.6656334342,157.59711754666668,172.79132314999998,1.0
12.466666667,-4.9004769738,11.578095760533333,2.6657127194,157.60974026,172.82919075,1.0
12.475,-4.9046050055,11.586403337,2.6657899890000003,157.62234942666666,172.86701774,1.0
12.483333333000001,-4.9087340406,11.594711582399999,2.6658652518000014,157.63494515,172.90480434,1.0
12.491666666999999,-4.9128640786,11.603020497066666,2.6659385097999984,157.64752742666667,172.94255062999997,1.0
12.5,-4.916995125000001,11.611330083333332,2.666009749999999,157.66009616,172.98025626000003,1.0
12.508333333,-4.9211271706,11.619640335733331,2.666078991799999,157.67265153000002,173.01792179999998,1.0
12.516666667,-4.9252602218999995,11.627951259266666,2.666146223200002,157.68519341333334,173.05554688,1.0
12.525,-4.9293942761,11.636262850733333,2.6662114478000003,157.69772187333334,173.09313165999998,1.0
12.533333333,-4.9335293347,11.644575111799998,2.6662746635999994,157.71023687666664,173.13067607,1.0
12.541666667000001,-4.9376653918,11.6528880392,2.6663358834000004,157.72273854666665,173.16818048000002,1.0
12.55,-4.9418024523,11.661201634866666,2.6663950954000004,157.73522679,173.20564460999998,1.0
12.558333332999998,-4.9459405177,11.669515900466665,2.6664522975999976,157.74770158,173.24306835,1.0
12.566666667000002,-4.9500795765,11.677830829000001,2.666507514000001,157.76016315333334,173.28045243999998,1.0
12.575,-4.9542196393,11.686146426199999,2.6665607214,157.77261130000002,173.31779622,1.0
12.583333332999999,-4.958360702,11.694462689999998,2.6666119289999983,157.78504610000002,173.35509995999996,1.0
12.591666667000002,-4.9625027662,11.702779622133335,2.6666611346000018,157.79746752666665,173.39236358000002,1.0
12.6,-4.9666458252000005,11.711097216799999,2.6667083495999986,157.80987571666665,173.42958749,1.0
12.608333333,-4.970789884799999,11.719415478533332,2.6667535634000004,157.82227056333332,173.46677134000004,1.0
12.616666667,-4.9749349449,11.727734407933333,2.6667967772,157.83465207333333,173.50391515,1.0
12.625,-4.9790809979,11.7360539986,2.6668380042000006,157.84702039,173.54101941,1.0
12.633333333,-4.9832280505,11.744374255666665,2.666877231999999,157.85937539,173.57808369,1.0
12.641666667,-4.9873760998,11.752695177866666,2.6669144674000016,157.87171713,173.61510819,1.0
12.65,-4.9915251454,11.761016763599999,2.6669497092000007,157.88404563333336,173.65209295000002,1.0
12.658333333,-4.9956751869,11.769339013266666,2.6669829592000003,157.89636089666666,173.68903799000003,1.0
12.666666667000001,-4.9998262236999995,11.777661927133332,2.667014219600002,157.90866294,173.72594337,1.0
12.675,-5.0039782569,11.785985504600001,2.6670434862000008,157.92095175,173.76280902000002,1.0
12.683333332999998,-5.0081312817,11.794309743133333,2.6670707695999987,157.93322741999998,173.79963525,1.0
12.691666667000002,-5.0122853018999995,11.802634645933333,2.6670960632000025,157.94548987000002,173.83642182,1.0
12.7,-5.0164403157,11.810960210466664,2.6671193686,157.95773915666666,173.87316886999997,1.0
12.708333332999999,-5.0205963244,11.819286438266666,2.6671406841999996,157.96997525,173.90987631000002,1.0
12.716666667000002,-5.0247533222,11.827613326133333,2.6671600226000027,157.98219826,173.94654453000004,1.0
12.725,-5.028911316399999,11.835940877599999,2.6671773672000008,157.99440804999998,173.98317306,1.0
12.733333333,-5.0330702994,11.844269088266666,2.6671927341999986,158.00660478,174.01976238000003,1.0
12.741666667,-5.0372302720999995,11.8525979594,2.6672061228000015,158.01878843333333,174.05631247000002,1.0
12.75,-5.0413912376,11.860927491733332,2.6672175248,158.03095893999998,174.09282312,1.0
12.758333333,-5.0455531945,11.869257684999997,2.6672269439999994,158.04311634666666,174.12929444000002,1.0
12.766666667,-5.0497161392,11.877588537466666,2.6672343886000007,158.05526071333335,174.16572664,1.0
12.775,-5.053880074299999,11.885920049533333,2.6672398514000015,158.06739200333334,174.20211958000002,1.0
12.783333333,-5.0580449984,11.894252220933334,2.6672433362000003,158.07951024333332,174.23847337,1.0
12.791666667000001,-5.0622109109,11.902585051933332,2.667244845200001,158.09161544,174.27478802999997,1.0
12.8,-5.0663778114,11.910918540933332,2.667244377200001,158.1037076133333,174.31106358999997,1.0
12.808333333,-5.0705456995,11.919252688333334,2.6672419339999998,158.11578678,174.34730009999998,1.0
12.816666667000002,-5.0747145746,11.9275874944,2.667237517800002,158.12785293333332,174.3834976,1.0
12.825000000000001,-5.0788844363,11.935922957533332,2.667231127400001,158.13990610999997,174.41965610999998,1.0
12.833333332999999,-5.0830552842,11.944259078133332,2.667222764599998,158.15194630666667,174.45577568,1.0
12.841666667000002,-5.0872271187,11.952595857133334,2.667212429600001,158.16397351666666,174.49185629,1.0
12.85,-5.0913999363,11.960933290866667,2.6672001273999992,158.17598781666666,174.52789814,1.0
12.858333333,-5.0955737396,11.969271381733332,2.6671858537999995,158.18798915333332,174.5639011,1.0
12.866666667,-5.0997485293,11.977610130866667,2.6671696084,158.19997752333333,174.59986513,1.0
12.875,-5.1039242996,11.985949533066666,2.6671514008,158.21195304,174.6357906,1.0
12.883333333,-5.1081010530999995,11.994289590733333,2.6671312268000005,158.22391565333334,174.67167733000002,1.0
12.891666667,-5.1122787915000005,12.002630305666667,2.667109084,158.23586533333335,174.70752526,1.0
12.9,-5.1164575101,12.0109716734,2.6670849798000003,158.24780217666668,174.74333464999998,1.0
12.908333333,-5.1206372116,12.0193136964,2.6670589097999997,158.25972613,174.77910537000002,1.0
12.916666667000001,-5.1248178945,12.027656374333333,2.667030878000002,158.27163723,174.8148375,1.0
12.925,-5.1289995582,12.035999705466667,2.6670008836,158.28353549333332,174.85053109,1.0
12.933333333,-5.1331822041,12.044343691399998,2.666968924800001,158.29542088333335,174.88618606,1.0
12.941666667000002,-5.1373658263,12.052688328866667,2.6669350144000017,158.30729352666665,174.92180279000002,1.0
12.950000000000001,-5.1415504297000005,12.0610336198,2.6668991406,158.31915332999998,174.95738097,1.0
12.958333332999999,-5.1457360135,12.069379564333332,2.6668613059999995,158.33100031333333,174.99292066,1.0
12.966666667000002,-5.1499225728,12.077726159866668,2.666821521400001,158.34283457,175.02842217,1.0
12.975,-5.1541101115000005,12.086073407666667,2.6667797769999986,158.35465603000003,175.06388526,1.0
12.983333333,-5.1582986292,12.094421308133331,2.6667360745999993,158.36646470000002,175.09930998,1.0
12.991666666999999,-5.1624881209,12.102769858599999,2.6666904251999988,158.37826068999996,175.13469662999998,1.0
13.0,-5.1666785905,12.111119060333332,2.6666428189999998,158.39004391666666,175.17004496000004,1.0
13.008333333,-5.1708700362,12.119468912799999,2.666593260599999,158.40181441666667,175.20535510999997,1.0
13.016666666999999,-5.1750624574,12.127819416266664,2.666541752199999,158.41357221,175.24062713999996,1.0
13.025,-5.1792558536,12.136170569066666,2.6664882928000004,158.42531731,175.27586103,1.0
13.033333333,-5.1834502242000005,12.144522371466666,2.666432884599999,158.43704972666663,175.31105687,1.0
13.041666667,-5.187645569000001,12.152874823999998,2.666375528999998,158.44876946333332,175.34621467,1.0
13.05,-5.1918418872,12.161227924799999,2.666316225600001,158.46047655333334,175.38133447,1.0
13.058333333,-5.1960391784999995,12.169581674333333,2.666254976000001,158.47217099,175.41641631000005,1.0
13.066666666999998,-5.2002374438,12.177936073866665,2.6661917793999983,158.4838527566667,175.45146014000002,1.0
13.075000000000001,-5.204436679700001,12.1862911198,2.6661266406,158.49552193,175.48646616,1.0
13.083333332999999,-5.2086368877,12.194646813799999,2.666059557599999,158.50717848333332,175.52143428999997,1.0
13.091666666999998,-5.212838064,12.203003153999997,2.665990538999999,158.51882249666667,175.55636477000002,1.0
13.100000000000001,-5.2170402145,12.211360143,2.6659195710000017,158.53045384333333,175.59125725,1.0
13.108333333,-5.2212433321,12.219717776733333,2.6658466687999987,158.54207268000002,175.62611217000003,1.0
13.116666666999999,-5.2254474206,12.2280760584,2.6657718257999985,158.55367892,175.66092930000002,1.0
13.125,-5.2296524782,12.236434985466667,2.6656950435999995,158.56527261666668,175.69570874000001,1.0
13.133333333,-5.2338585044,12.244794558266666,2.6656163242,158.57685377,175.73045055,1.0
13.141666666999999,-5.238065498499999,12.253154776999999,2.6655356700000006,158.58842239333333,175.76515476999998,1.0
13.15,-5.2422734602,12.261515640133334,2.6654530796000007,158.59997851333333,175.79982142,1.0
13.158333333,-5.2464823889,12.269877147933332,2.6653685552000006,158.61152212333334,175.83445054000003,1.0
13.166666667,-5.2506922863000005,12.2782393022,2.6652820943999984,158.62305320666667,175.86904205000002,1.0
13.175,-5.2549031454,12.286602096933333,2.6651937092000004,158.63457189666667,175.90359635,1.0
13.183333333,-5.2591149721,12.294965536733333,2.6651033888000004,158.6460780733333,175.93811311,1.0
13.191666666999998,-5.2633277664,12.303329622266663,2.6650111341999985,158.65757175,175.97259234,1.0
13.200000000000001,-5.26754152,12.311694346666666,2.664916960000001,158.66905308666668,176.00703452,1.0
13.208333332999999,-5.2717562401,12.3200597154,2.6648208527999984,158.68052194666666,176.04143924,1.0
13.216666666999998,-5.2759719237,12.32842572713333,2.664722819599998,158.69197839333333,176.07580669000004,1.0
13.225000000000001,-5.2801885718,12.3367923812,2.664622856400001,158.7034223966667,176.11013681,1.0
13.233333333,-5.284406179199999,12.345159674799998,2.6645209746000003,158.71485407,176.14442991,1.0
13.241666666999999,-5.2886247501,12.353527611399999,2.664417166799998,158.72627333666665,176.17868575999998,1.0
13.25,-5.2928442824,12.361896188266666,2.6643114352,158.73768023333332,176.21290447,1.0
13.258333333,-5.2970647756,12.370265405733331,2.6642037817999995,158.74907477,176.2470861,1.0
13.266666666999999,-5.3012862291000005,12.378635264066666,2.664094208799998,158.76045696999998,176.28123065999998,1.0
13.275,-5.305508644600001,12.387005763066668,2.663982710799999,158.77182679,176.31533808,1.0
13.283333333,-5.3097320152,12.395376898799999,2.6638693026,158.78318437666667,176.34940877,1.0
13.291666667,-5.3139563467,12.4037486758,2.6637539735999987,158.79452961666667,176.38344238999997,1.0
13.3,-5.3181816365,12.412121091,2.663636727,158.80586256,176.41743908999996,1.0
13.308333333,-5.3224078841,12.420494144733334,2.6635175647999993,158.81718322,176.45139890999997,1.0
13.316666667,-5.3266350889,12.428867837266665,2.6633964892,158.82849160333333,176.48532189999997,1.0
13.325000000000001,-5.3308632505,12.437242167,2.6632734990000007,158.83978773666664,176.51920808,1.0
13.333333333,-5.3350923683,12.4456171342,2.663148596400001,158.85107161666667,176.55305750000002,1.0
13.341666666999998,-5.3393224418,12.453992739199998,2.663021783399998,158.86234327,176.58687017999998,1.0
13.350000000000001,-5.3435534704,12.462368980266668,2.6628930592000017,158.87360269333334,176.62064617,1.0
13.358333333,-5.3477854536,12.470745857733334,2.6627624257999987,158.88484990666666,176.6543855,1.0
13.366666666999999,-5.3520183941,12.479123374066663,2.662629878799999,158.89608486666665,176.68808801,1.0
13.375,-5.3562522819,12.487501521266665,2.6624954362000004,158.90730775666665,176.72175431,1.0
13.383333333,-5.3604871259,12.495880305933333,2.662359081199999,158.91851841333335,176.75538388,1.0
13.391666666999999,-5.3647229225,12.504259726333332,2.6622208219999983,158.9297169066667,176.78897693000002,1.0
13.4,-5.368959671,12.512639780666667,2.662080658,158.94090325,176.82253350000002,1.0
13.408333333,-5.3731973725,12.521020470333333,2.661938588,158.95207742666665,176.85605353999998,1.0
13.416666667,-5.3774360235,12.529401793666665,2.6617946200000002,158.96323950666667,176.88953726,1.0
13.425,-5.3816756233000005,12.537783748866667,2.661648753399999,158.97438950666665,176.92298470999998,1.0
13.433333333,-5.3859161745,12.546166338333332,2.661500984,158.98552737,176.95639572,1.0
13.441666667,-5.390157675,12.554549561333333,2.6613513169999985,158.99665314666666,176.98977043999997,1.0
13.450000000000001,-5.3944001244,12.562933416266667,2.6611997512000025,159.00776684333331,177.02310888999997,1.0
13.458333333,-5.3986435236,12.571317904399999,2.661046285800002,159.01886845333334,177.05641101999998,1.0
13.466666666999998,-5.4028878709,12.579703025266664,2.6608909251999995,159.02995799666667,177.08967694999998,1.0
13.475000000000001,-5.407133163499999,12.588088775666666,2.660733673000003,159.04103553333334,177.12290682999998,1.0
13.483333333,-5.4113793993,12.596475154866667,2.6605745343999976,159.05210111666668,177.15610078999998,1.0
13.491666666999999,-5.4156265847,12.604862167799997,2.6604134975999987,159.06315460666667,177.18925846999997,1.0
13.5,-5.419874715600001,12.613249810400001,2.6602505687999987,159.07419609666667,177.22238008999997,1.0
13.508333333,-5.4241237917000005,12.621638083133334,2.6600857495999977,159.08522559666667,177.25546571,1.0
13.516666666999999,-5.428373812299999,12.630026986199997,2.659919042400001,159.09624310666666,177.28851535999996,1.0
13.525,-5.4326247768,12.638416517866666,2.6597504464000012,159.10724865333333,177.32152906,1.0
13.533333333,-5.4368766848000005,12.646806678533332,2.6595799633999997,159.11824225,177.35450685,1.0
13.541666667,-5.4411295356,12.655197468399999,2.6594075957999994,159.12922389666667,177.38744879,1.0
13.55,-5.4453833289,12.663588885933333,2.6592333422000003,159.14019360666666,177.42035489,1.0
13.558333333,-5.4496380639,12.671980931266667,2.6590572052,159.15115140333333,177.45322518999996,1.0
13.566666667,-5.4538937402,12.6803736048,2.6588791866,159.16209729,177.48605973000002,1.0
13.575000000000001,-5.4581503572,12.6887669048,2.658699285600002,159.17303128,177.51885854999998,1.0
13.583333333,-5.4624079145,12.697160831666666,2.6585175040000006,159.18395338333335,177.55162167999998,1.0
13.591666666999998,-5.4666664113,12.705555385533332,2.6583338443999978,159.19486362,177.58434915,1.0
13.600000000000001,-5.470925848799999,12.713950565866668,2.6581483024000017,159.20576196,177.61704093,1.0
13.608333333000001,-5.4751862239,12.722346371266667,2.6579608852000014,159.21664847333332,177.64969717000002,1.0
13.616666666999999,-5.4794475342,12.730742800799998,2.6577715985999983,159.22752321,177.68231802,1.0
13.625000000000002,-5.4837097841,12.739139856066666,2.6575804318000014,159.23838607333334,177.71490325000002,1.0
13.633333333,-5.4879729709,12.747537535933333,2.6573873912000003,159.24923713,177.747453,1.0
13.641666666999999,-5.4922370956,12.755935841733333,2.6571924757999987,159.26007635333335,177.77996722,1.0
13.65,-5.496502153,12.764334768666666,2.656995694000001,159.27090384666667,177.81244621999997,1.0
13.658333333,-5.5007681488,12.7727343212,2.6567970353999995,159.28171951,177.84488967000004,1.0
13.666666667,-5.5050350760999995,12.781134495399998,2.6565965148000013,159.29252347000002,177.87729797999998,1.0
13.675,-5.5093029407,12.7895352938,2.6563941186000015,159.30331561333335,177.90967081000002,1.0
13.683333333,-5.5135717357,12.797936712466667,2.656189861599999,159.31409607999998,177.94200854999997,1.0
13.691666667,-5.5178414681,12.806338756733334,2.655983730799999,159.32486473666668,177.97431082999998,1.0
13.700000000000001,-5.5221121275,12.814741418333334,2.6557757450000015,159.33562178,178.00657823999998,1.0
13.708333333,-5.5263837216,12.823144703066667,2.6555658898,159.34636707,178.03881033,1.0
13.716666666999998,-5.5306562470000005,12.831548609333332,2.6553541729999983,159.35710067333335,178.07100730000002,1.0
13.725000000000001,-5.534929705500001,12.839953137000002,2.6551405889999993,159.36782254666664,178.10316908,1.0
13.733333333000001,-5.5392040898,12.848358281866666,2.6549251534000007,159.37853284,178.13529605999997,1.0
13.741666666999999,-5.543479406,12.856764048666665,2.654707854999997,159.38923144,178.16738790000002,1.0
13.750000000000002,-5.5477556514,12.865170434266668,2.6544886972000006,159.39991839333334,178.19944477,1.0
13.758333333,-5.5520328252999995,12.873577438866665,2.6542676824000004,159.41059371333333,178.23146671,1.0
13.766666666999999,-5.556310927299999,12.881985062866665,2.6540448123999996,159.42125741333334,178.26345373000004,1.0
13.775,-5.5605899582,12.890393305466667,2.653820083600001,159.43190947666668,178.29540581000003,1.0
13.783333333,-5.564869913,12.898802164,2.653593506999999,159.44255000666666,178.32732323,1.0
13.791666667,-5.5691507957,12.907211641799998,2.653365075600001,159.45317892666665,178.35920576,1.0
13.8,-5.573432604100001,12.915621736066669,2.6531347917999994,159.46379626666666,178.39105355,1.0
13.808333333,-5.5777153378,12.9240324472,2.6529026573999994,159.4744020533333,178.42286659,1.0
13.816666667,-5.5819989961,12.9324437754,2.6526686747999983,159.48499629,178.45464495,1.0
13.825000000000001,-5.5862835785,12.940855719,2.6524328430000015,159.4955789966667,178.48638866000002,1.0
13.833333333,-5.5905690844,12.949268278266667,2.6521951642,159.50615017333334,178.51809774999998,1.0
13.841666667,-5.5948555133,12.957681453533333,2.6519556404000015,159.51670983666665,178.54977227,1.0
13.850000000000001,-5.5991428646,12.966095243066668,2.6517142708000003,159.52725801,178.58141223,1.0
13.858333333000001,-5.6034311376999995,12.974509647133333,2.651471057600002,159.53779469000003,178.61301768,1.0
13.866666666999999,-5.6077203358,12.982924668533332,2.651225995399999,159.54831981666666,178.64458844,1.0
13.875000000000002,-5.612010447199999,12.991340298133332,2.650979105600003,159.55883363666666,178.67612519,1.0
13.883333333,-5.6163014824,12.9997565436,2.6507303681999987,159.56933592666667,178.70762732000003,1.0
13.891666666999999,-5.6205934387,13.0081734038,2.6504797895999985,159.57982674000002,178.73909499,1.0
13.900000000000002,-5.6248863109,13.016590873933334,2.650227378200003,159.59030619,178.77052851,1.0
13.908333333,-5.6291801029999995,13.02500895733333,2.649973127000001,159.60077419666666,178.80192763999997,1.0
13.916666667,-5.633474813,13.033427653333334,2.649717040999998,159.61123080000002,178.83329249999997,1.0
13.925,-5.637770440300001,13.0418469602,2.6494591193999995,159.62167601666667,178.86462314000002,1.0
13.933333333,-5.6420669843,13.0502668782,2.6491993643999985,159.63210984666668,178.89591959,1.0
13.941666667,-5.6463644444,13.058687407599999,2.6489377782000005,159.64253231,178.92718188000003,1.0
13.950000000000001,-5.6506628201,13.067108546733333,2.6486743598,159.65294341,178.95841004999997,1.0
13.958333333,-5.6549621107,13.0755302958,2.6484091116000013,159.66334317666667,178.98960413000003,1.0
13.966666667,-5.6592623174,13.083952656266664,2.648142032200001,159.67373157333336,179.02076406999998,1.0
13.975000000000001,-5.663563437900001,13.09237562526667,2.6478731242,159.68410865333334,179.05189000000001,1.0
13.983333333000001,-5.6678654667999995,13.100799199866666,2.647602399400003,159.69447451666667,179.08298222000002,1.0
13.991666666999999,-5.6721684117,13.1092233858,2.647329843599997,159.70482902333336,179.11404031,1.0
14.000000000000002,-5.676472271800001,13.1176481812,2.6470554564000013,159.71517218333332,179.1450643,1.0
14.008333333,-5.6807770405,13.126073582333333,2.646779251999999,159.72550412666666,179.17605461000002,1.0
14.016666666999999,-5.6850827166,13.134499589066666,2.6465012337999987,159.73582488333332,179.20701126999998,1.0
14.025000000000002,-5.6893893064,13.142926204266667,2.6462213872000033,159.74613431999998,179.23793394,1.0
14.033333333,-5.693696806,13.151353426,2.6459397209999995,159.75643252666669,179.26882283,1.0
14.041666667,-5.6980052163999995,13.159781255599999,2.6456562341999996,159.76671947000003,179.2996779,1.0
14.05,-5.7023145357,13.168209690466668,2.6453709285999993,159.77699520000002,179.33049926999996,1.0
14.058333333,-5.7066247578,13.1766387272,2.6450838173999998,159.78725982666666,179.36128727,1.0
14.066666667,-5.7109358908,13.185068371866667,2.6447948853999996,159.7975132,179.39204144999997,1.0
14.075,-5.7152479307,13.193498620466665,2.6445041385999986,159.80775540333332,179.42276203000003,1.0
14.083333333,-5.7195608769,13.201929473266667,2.644211579200001,159.81798643333332,179.45344906,1.0
14.091666667,-5.723874728899999,13.210360930599998,2.6439172092000023,159.82820631,179.48410257,1.0
14.099999999999998,-5.7281894876,13.218792991733332,2.643621024799998,159.83841501333333,179.5147225,1.0
14.108333333000001,-5.7325051475999995,13.227225653733331,2.643323037800002,159.84861264999998,179.54530917,1.0
14.116666667,-5.7368217132999995,13.235658920199999,2.6430232404000016,159.85879914333336,179.57586232,1.0
14.124999999999998,-5.7411391823,13.2440927882,2.6427216353999965,159.86897452333332,179.60638210000002,1.0
14.133333333000001,-5.7454575542,13.252527258133334,2.642418224600002,159.87913881333333,179.63686852,1.0
14.141666666999999,-5.7497768282,13.260962330133333,2.6421130105999993,159.88929202,179.66732163,1.0
14.149999999999999,-5.754097004,13.269398002666666,2.6418059919999983,159.89943415666667,179.69774147000004,1.0
14.158333333,-5.7584180823,13.277834276866665,2.641497168399999,159.90956520333336,179.72812797999998,1.0
14.166666667,-5.7627400579,13.28627114993333,2.641186551199999,159.91968526333332,179.75848147,1.0
14.174999999999999,-5.767062935,13.294708623333332,2.6408741299999985,159.92979425666667,179.78880170000002,1.0
14.183333333,-5.7713867114,13.303146696266666,2.6405599102000004,159.93989223,179.81908878000002,1.0
14.191666667,-5.7757113865,13.311585369,2.640243894,159.94997919333335,179.84934277000002,1.0
14.2,-5.7800369597,13.3200246398,2.6399260805999987,159.96005515333334,179.87956369,1.0
14.208333333,-5.7843634304,13.328464508933333,2.6396064721999997,159.97012012333332,179.90975157999998,1.0
14.216666667,-5.7886907981,13.336904976733333,2.639285070799999,159.98017412666667,179.93990648,1.0
14.224999999999998,-5.7930190621,13.3453460414,2.638961875799997,159.99021716000001,179.97002841000003,1.0
14.233333333000001,-5.7973482218,13.3537877032,2.6386368894000007,160.00024924,180.00011741999998,1.0
14.241666667,-5.8016782767,13.362229962466666,2.638310113600002,160.0102703866667,180.03017354000002,1.0
14.249999999999998,-5.8060092262,13.370672817466664,2.6379815476,160.0202806,180.0601968,1.0
14.258333333000001,-5.8103410719,13.379116269933334,2.6376511892000014,160.03027985333333,180.09018712,1.0
14.266666666999999,-5.814673808,13.387560316666665,2.6373190509999986,160.04026826,180.12014481,1.0
14.274999999999999,-5.819007437600001,13.396004958399999,2.636985124799998,160.05024575666664,180.15006971,1.0
14.283333333,-5.823341957799999,13.404450193866666,2.636649417400002,160.06021241,180.17996198999998,1.0
14.291666667,-5.8276773712,13.412896025466665,2.6363119245999993,160.07016816,180.20982149999998,1.0
14.299999999999999,-5.8320136755,13.42134245033333,2.635972649,160.08011304666664,180.23964836000002,1.0
14.308333333,-5.8363508703,13.429789468866668,2.6356315923999993,160.09004709333334,180.26944261,1.0
14.316666667,-5.8406889549,13.438237081266665,2.6352887572000006,160.09997030333332,180.29920428999998,1.0
14.325,-5.8450279287,13.446685285800001,2.6349441425999984,160.10988269333336,180.32893342000003,1.0
14.333333333,-5.8493677911,13.455134082733332,2.634597750800002,160.11978427666668,180.35863003999998,1.0
14.341666667,-5.8537085438,13.463583473866667,2.6342495794000005,160.12967501333333,180.38829406,1.0
14.35,-5.8580501794,13.472033452933333,2.6338996411999984,160.13955504333333,180.4179259,1.0
14.358333333000001,-5.8623927041,13.480484024733332,2.633547924800001,160.14942427,180.44752521000004,1.0
14.366666667,-5.866736118,13.488935190000001,2.6331944309999997,160.15928266,180.47709198,1.0
14.374999999999998,-5.8710804115,13.497386940999998,2.6328391769999966,160.16913042666667,180.50662676,1.0
14.383333333000001,-5.875425593,13.505839284,2.632482147,160.1789673866667,180.53612906,1.0
14.391666666999999,-5.879771659,13.514292217333331,2.6321233489999996,160.18879361999998,180.56559911999997,1.0
14.399999999999999,-5.8841186087,13.522745739133331,2.631762782599999,160.19860914,180.59503691999998,1.0
14.408333333000002,-5.8884664417,13.5311998498,2.631400449600001,160.20841395333335,180.62444253999996,1.0
14.416666667,-5.892815157399999,13.539654549599998,2.6310363522000006,160.21820806999997,180.65381601,1.0
14.424999999999999,-5.8971647578,13.548109838533332,2.6306704843999986,160.22799146,180.68315718,1.0
14.433333333,-5.9015152340000006,13.556565711333334,2.630302864999998,160.23776428333332,180.71246659000002,1.0
14.441666667,-5.9058665939,13.565022173933333,2.629933479199999,160.24752639333335,180.74174376999997,1.0
14.45,-5.9102188339,13.5734792226,2.629562332199999,160.25727786333334,180.77098894,1.0
14.458333333,-5.9145719536,13.581936857733334,2.629189425799999,160.2670186966667,180.80020211000001,1.0
14.466666667,-5.9189259522999995,13.590395079533332,2.628814762400002,160.27674890333336,180.82938334,1.0
14.475,-5.9232808328,13.59885388853333,2.6284383344,160.28646843333334,180.85853245,1.0
14.483333333000001,-5.9276365842,13.607313278133333,2.628060164600001,160.29617749666667,180.88765007,1.0
14.491666667,-5.9319932162,13.615773255466667,2.6276802345999997,160.30587591666668,180.91673564,1.0
14.499999999999998,-5.9363507264,13.624233817599997,2.6272985471999997,160.31556371333335,180.94578931,1.0
14.508333333000001,-5.9407091094,13.632694961599999,2.626915114200001,160.32524101666667,180.97481138,1.0
14.516666666999999,-5.9450683693,13.641156690866666,2.626529928399999,160.33490773666668,181.00380160999998,1.0
14.524999999999999,-5.949428504,13.649619002666665,2.6261429919999983,160.34456391666666,181.03276012999999,1.0
14.533333333000002,-5.9537895129,13.658081897266669,2.625754307200001,160.35420956666667,181.06168697000004,1.0
14.541666667,-5.9581513953,13.666545374866667,2.6253638764,160.36384470000002,181.09058217,1.0
14.549999999999999,-5.9625141535,13.675009435666666,2.624971692999998,160.37346927333334,181.1194456,1.0
14.558333333,-5.9668777783,13.6834740742,2.6245777764000016,160.38308345333334,181.14827779,1.0
14.566666667,-5.9712422777,13.691939296466666,2.6241821115999997,160.39268710333332,181.17707826999998,1.0
14.575,-5.9756076481000004,13.70040509873333,2.6237847037999984,160.40228028333334,181.20584724999998,1.0
14.583333333,-5.9799738891,13.7088714814,2.6233855548000005,160.41186300666666,181.23458474,1.0
14.591666667,-5.984341,13.717338444666666,2.6229846670000017,160.42143527666664,181.26329081,1.0
14.6,-5.9887089801,13.725805986733334,2.6225820397999993,160.43099711,181.29196548,1.0
14.608333333000001,-5.9930778289,13.734274107933333,2.6221776752000023,160.44054852333332,181.32060876999998,1.0
14.616666667,-5.9974475458,13.742742808533333,2.6217715754000004,160.4500895266667,181.34922074,1.0
14.625,-6.0018181301,13.751212086733332,2.6213637397999996,160.45962012333334,181.3778014,1.0
14.633333333000001,-6.0061895812,13.7596819428,2.620954170600002,160.46914033,181.4063508,1.0
14.641666667,-6.0105619009,13.7681523786,2.620542865200002,160.47865012,181.43486882999997,1.0
14.649999999999999,-6.0149350831,13.77662338873333,2.620129833799999,160.48814959333333,181.46335584999997,1.0
14.658333333000002,-6.0193091294,13.785094974933333,2.619715074200002,160.49763873999999,181.49181174,1.0
14.666666667,-6.0236840434,13.793567140266667,2.619298580199998,160.50711747333332,181.52023633,1.0
14.674999999999999,-6.0280598178,13.802039878533332,2.618880364399998,160.51658594333333,181.54863000999998,1.0
14.683333333,-6.0324364571,13.8105131934,2.618460418799999,160.52604406,181.57699254000002,1.0
14.691666667,-6.0368139588,13.818987083866666,2.6180387494,160.53549187000002,181.60532403000002,1.0
14.7,-6.0411923225,13.827461548333332,2.6176153550000008,160.54492937666666,181.63362455000004,1.0
14.708333333,-6.0455715475,13.835936587,2.617190238000001,160.5543566066667,181.66189408999998,1.0
14.716666667,-6.0499516331,13.844412200066666,2.616763400800001,160.56377356000002,181.69013271,1.0
14.725,-6.0543325788999995,13.852888385933333,2.6163348421999997,160.57318024999998,181.71834045000003,1.0
14.733333333000001,-6.0587143841,13.861365144733334,2.615904564800001,160.58257669333332,181.74651733,1.0
14.741666667,-6.0630970504,13.869842478266666,2.615472566200001,160.59196285,181.77466326,1.0
14.75,-6.0674805727,13.878320381799998,2.6150388546000007,160.60133882666665,181.80277853,1.0
14.758333333000001,-6.071864950199999,13.886798855466667,2.614603432600002,160.61070462666666,181.83086318,1.0
14.766666667,-6.076250187099999,13.895277902733334,2.614166292800002,160.62006019,181.85891697,1.0
14.774999999999999,-6.0806362803,13.903757520199997,2.613727439399998,160.62940554666667,181.88694008000002,1.0
14.783333333000002,-6.0850232316,13.912237709733335,2.6132868698000005,160.63874068333334,181.91493241,1.0
14.791666667,-6.089411033299999,13.920718466866663,2.6128446004000008,160.64806574,181.94289438000004,1.0
14.799999999999999,-6.0937996919,13.929199794599999,2.6124006161999977,160.65738059666668,181.97082563,1.0
14.808333333,-6.0981892075,13.937681693666665,2.6119549180000012,160.66668524666667,181.99872617,1.0
14.816666667,-6.1025795702,13.946164158133332,2.6115075266000005,160.67597987666667,182.02659653,1.0
14.825,-6.1069707886,13.954647192399998,2.6110584227999993,160.68526433,182.05443624,1.0
14.833333333,-6.111362859000001,13.963130794666668,2.6106076149999984,160.69453867000001,182.08224549000002,1.0
14.841666667,-6.1157557809,13.971614965266667,2.6101551051999996,160.70380290333333,182.11002433,1.0
14.85,-6.1201495535,13.980099702333334,2.6097008929999985,160.71305705333333,182.1377728,1.0
14.858333333000001,-6.1245441763,13.9885850062,2.6092449804000024,160.72230112333332,182.16549091,1.0
14.866666667,-6.1289396487,13.997070877133334,2.608787369599999,160.73153513,182.19317871000004,1.0
14.875,-6.1333359699,14.005557313266666,2.6083280602000007,160.74075907999998,182.22083622,1.0
14.883333333000001,-6.1377331395,14.014044315000001,2.6078670540000015,160.74997298333335,182.24846349999999,1.0
14.891666667,-6.1421311568,14.022531882533332,2.6074043534000015,160.75917686333332,182.27606056,1.0
14.899999999999999,-6.1465300211,14.031020014066664,2.606939957799998,160.76837071666668,182.30362745,1.0
14.908333333000002,-6.1509297342,14.039508711466667,2.6064738646000016,160.77755452333335,182.33116405,1.0
14.916666667000001,-6.1553302884,14.047997970266668,2.606006090200001,160.78672841333332,182.35867080999998,1.0
14.924999999999999,-6.1597316901,14.056487793399999,2.605536619799998,160.79589228,182.38614735,1.0
14.933333333000002,-6.1641339364,14.0649781796,2.6050654602000014,160.80504616666667,182.41359386000002,1.0
14.941666667,-6.1685370267,14.073469129133333,2.6045926135999986,160.81419009333334,182.44101034000002,1.0
14.95,-6.1729409619,14.081960641266665,2.604118076199999,160.82332404000002,182.46839675999996,1.0
14.958333333,-6.1773457364999995,14.090452713,2.6036418600000015,160.83244810666665,182.49575342000003,1.0
14.966666667,-6.181751354799999,14.098945347866664,2.6031639574000014,160.84156221333333,182.52308008000003,1.0
14.975,-6.1861578145,14.107438543,2.6026843710000005,160.85066640333332,182.55037686999998,1.0
14.983333333000001,-6.1905651151,14.115932298733334,2.602203102800001,160.85976068333332,182.57764380999998,1.0
14.991666667,-6.1949732585,14.124426617,2.601720150000001,160.86884502666666,182.60488079,1.0
15.0,-6.1993822385,14.132921492333333,2.6012355229999997,160.87791954,182.63208816000002,1.0
15.008333333000001,-6.2037920554,14.1414169256,2.600749222200002,160.88698421666666,182.6592659,1.0
15.016666667,-6.2082027129,14.149912919933332,2.6002612412,160.89603899,182.68641381000003,1.0
15.024999999999999,-6.2126142081,14.158409472066666,2.599771583799999,160.90508391666665,182.71353203,1.0
15.033333333000002,-6.2170265404,14.166906582266666,2.5992802522000025,160.91411900333333,182.74062060999998,1.0
15.041666667000001,-6.221439709099999,14.175404250733333,2.5987872488000017,160.92314427,182.76767958,1.0
15.049999999999999,-6.2258537136,14.183902475733333,2.5982925727999975,160.93215972,182.79470898,1.0
15.058333333000002,-6.2302685533,14.192401257533334,2.5977962264000016,160.94116535999999,182.82170882999998,1.0
15.066666667,-6.2346842275,14.200900596333334,2.597298211999999,160.95016121333333,182.84867916999997,1.0
15.075,-6.2391007387,14.209400492466665,2.5967985225999994,160.95914722666666,182.87561987000004,1.0
15.083333333,-6.243518077,14.21790094,2.5962971790000013,160.96812359,182.90253146999999,1.0
15.091666667,-6.247936251,14.226401945333333,2.595794165,160.97709013333335,182.92941349,1.0
15.1,-6.252355258800001,14.234903505866665,2.5952894823999992,160.9860469,182.95626603,1.0
15.108333333000001,-6.2567750963,14.243405619533334,2.5947831404000006,160.99499396,182.98308932999998,1.0
15.116666667,-6.2611957628,14.251908286533332,2.5942751414000007,161.00393132999997,183.00988341,1.0
15.125,-6.2656172612,14.260411507466666,2.5937654776000008,161.01285895,183.03664812,1.0
15.133333333000001,-6.2700395891000005,14.2689152814,2.593254154800001,161.02177687999998,183.06338358000002,1.0
15.141666667,-6.2744627459,14.2774196086,2.5927411751999996,161.03068511,183.09008984999997,1.0
15.15,-6.2788867335,14.285924489,2.592226533,161.03958361666665,183.11676677000003,1.0
15.158333332999998,-6.2833115435,14.294429917666665,2.591710245999998,161.04847254999999,183.14341485,1.0
15.166666667000001,-6.287737183100001,14.302935900066666,2.5911923007999995,161.05735178333336,183.17003368,1.0
15.174999999999999,-6.292163649099999,14.311442432733331,2.590672701800001,161.06622137,183.19662341999998,1.0
15.183333332999998,-6.2965909408,14.319949515866664,2.590151451399999,161.07508132333334,183.22318410999998,1.0
15.191666667,-6.3010190575,14.328457149666665,2.5896285520000006,161.08393165333334,183.24971581,1.0
15.2,-6.3054479988,14.336965332533333,2.589104002399999,161.09277237666666,183.27621851,1.0
15.208333332999999,-6.309877763799999,14.345474064533331,2.5885778054,161.10160349333333,183.30269227,1.0
15.216666667,-6.314308352099999,14.353983346066665,2.5880499628000013,161.1104250233333,183.32913712,1.0
15.225,-6.318739764599999,14.362493176399997,2.587520470800002,161.11923694333333,183.35555298999998,1.0
15.233333333,-6.323171995599999,14.371003552399998,2.5869893418000007,161.12803936,183.38194019999997,1.0
15.241666667,-6.3276050497,14.3795144778,2.5864565676,161.13683219333333,183.40829851,1.0
15.25,-6.332038924400001,14.388025949600001,2.5859221511999984,161.14561547999998,183.43462803,1.0
15.258333333,-6.3364736190999995,14.396537968066667,2.5853860948000005,161.15438923666667,183.46092880999998,1.0
15.266666667,-6.340909133199999,14.405050533466666,2.584848400600003,161.16315347,183.48720086999998,1.0
15.275,-6.3453454660999995,14.413563644066665,2.5843090678000014,161.1719082,183.51344424,1.0
15.283333332999998,-6.3497826171,14.422077300066665,2.5837680987999976,161.18065342000003,183.53965896,1.0
15.291666667000001,-6.3542205872999995,14.430591502866665,2.583225492400003,161.18938913,183.56584496999997,1.0
15.299999999999999,-6.3586593727,14.439106248466667,2.582681254599999,161.19811538666667,183.5920025,1.0
15.308333332999998,-6.3630989743,14.447621538199998,2.582135384399999,161.20683218333332,183.61813146999998,1.0
15.316666667,-6.3675393898,14.4561373712,2.5815878873999987,161.21553955333334,183.64423201,1.0
15.325,-6.371980621900001,14.464653747933333,2.581038756199998,161.22423745666666,183.67030397,1.0
15.333333332999999,-6.3764226684,14.473170667599998,2.5804879961999987,161.23292592,183.69634749,1.0
15.341666667,-6.3808655285,14.481688130333334,2.579935609999999,161.24160496666664,183.72236257999998,1.0
15.35,-6.3853092040999995,14.490206136066664,2.5793815918000016,161.25027456333333,183.74834913999996,1.0
15.358333333,-6.3897536873,14.498724680199999,2.5788259584000004,161.25893484666668,183.77430761,1.0
15.366666667,-6.394198984799999,14.507243767866665,2.578268697400002,161.26758569666666,183.80023762999997,1.0
15.375,-6.3986450933,14.515763395533334,2.5777098133999994,161.27622716666664,183.82613936,1.0
15.383333333,-6.403092012399999,14.524283563599997,2.577149308200002,161.28485927666665,183.85201282999998,1.0
15.391666667,-6.407539743,14.532804273333333,2.5765871810000016,161.29348200666666,183.87785798,1.0
15.4,-6.4119882795,14.541325519666666,2.576023441000001,161.30209545,183.90367512,1.0
15.408333332999998,-6.4164376286,14.549847307733332,2.5754580757999976,161.3106994833333,183.92946388000001,1.0
15.416666667000001,-6.4208877832999995,14.558369633533333,2.574891100400002,161.31929424333333,183.95522463999998,1.0
15.425,-6.4253387453999995,14.566892496933335,2.5743225092000017,161.32787969666668,183.9809573,1.0
15.433333332999998,-6.4297905118,14.575415896533332,2.573752309399998,161.33645589333335,184.00666203999998,1.0
15.441666667000002,-6.4342430866,14.583939835733334,2.5731804938000007,161.34502275666668,184.0323386,1.0
15.45,-6.4386964668,14.592464311199999,2.5726070664,161.35358035,184.05798717000005,1.0
15.458333332999999,-6.4431506518,14.600989323199999,2.572032029399999,161.36212867,184.08360777000001,1.0
15.466666667,-6.447605641,14.609514872,2.5714553849999993,161.37066774000002,184.10920044,1.0
15.475,-6.4520614336,14.618040955733331,2.5708771328000006,161.37919757,184.13476521,1.0
15.483333333,-6.4565180292,14.6265675748,2.5702972745999997,161.38771816666667,184.16030210000002,1.0
15.491666667,-6.460975429,14.635094730666667,2.569715808999999,161.3962295,184.18581105,1.0
15.5,-6.4654336263,14.643622417533333,2.5691327473999985,161.40473170666667,184.21129241,1.0
15.508333333,-6.4698926266,14.652150639733332,2.5685480797999993,161.41322467333333,184.23674589999996,1.0
15.516666667,-6.4743524272,14.660679396133334,2.5679618125999992,161.42170845,184.26217163999996,1.0
15.525,-6.478813027499999,14.669208685000001,2.5673739450000017,161.43018305,184.28756966999998,1.0
15.533333332999998,-6.4832744269,14.677738506599997,2.566784479199998,161.4386484833333,184.31294001999998,1.0
15.541666667000001,-6.487736626699999,14.686268862466665,2.5661934136000033,161.44710472666668,184.33828262,1.0
15.55,-6.4921996201,14.694799746733333,2.5656007598000015,161.4555519,184.36359783,1.0
15.558333332999998,-6.4966634147999995,14.703331165199998,2.5650065034000002,161.46398986666665,184.38888523999998,1.0
15.566666667000002,-6.5011280019,14.7118631126,2.564410663200002,161.47241879333333,184.41414532,1.0
15.575,-6.5055933868,14.720395591199999,2.563813226399998,161.48083856000002,184.43937777000002,1.0
15.583333332999999,-6.510059567,14.728928599999998,2.563214199,161.48924923,184.46458275000003,1.0
15.591666667,-6.514526543500001,14.737462140333335,2.562613579999999,161.49765078333334,184.48976016999998,1.0
15.6,-6.518994310499999,14.745996207,2.5620113790000003,161.50604332,184.51491036,1.0
15.608333333,-6.523462872400001,14.7545308036,2.561407588199997,161.51442675666667,184.54003307000002,1.0
15.616666667,-6.5279322271,14.7630659294,2.5608022128000014,161.52280113666666,184.56512843000002,1.0
15.625,-6.5324023737,14.771601582466667,2.5601952526,161.53116647333334,184.59019645,1.0
15.633333333,-6.536873311700001,14.780137763133334,2.559586709599998,161.53952277,184.61523720000002,1.0
15.641666667,-6.541345042200001,14.7886744728,2.558976582599999,161.54787002333333,184.64025058,1.0
15.65,-6.545817561,14.797211707333332,2.558364878000001,161.55620828333335,184.66523683,1.0
15.658333333,-6.5502908693,14.8057494682,2.557751594399998,161.56453755,184.69019588999998,1.0
15.666666667000001,-6.5547649646999995,14.814287754466665,2.557136737600003,161.57285785666667,184.71512786,1.0
15.675,-6.55923985,14.822826566666667,2.5565203,161.58116915333335,184.74003262,1.0
15.683333332999998,-6.5637155229,14.831365903933332,2.5559022871999995,161.58947147333333,184.76491027000003,1.0
15.691666667000002,-6.568191982599999,14.839905766400001,2.555282701800002,161.59776484333335,184.78976086,1.0
15.7,-6.572669228600001,14.848446152400001,2.554661542799998,161.60604926666667,184.81458440000003,1.0
15.708333332999999,-6.5771472638,14.856987064533332,2.5540388053999985,161.6143246833333,184.83938074,1.0
15.716666667000002,-6.5816260799,14.865528497933335,2.5534145072000003,161.62259125333333,184.86415033000003,1.0
15.725,-6.5861056776,14.874070451733333,2.552788644799999,161.63084895333333,184.88889313000004,1.0
15.733333333,-6.590586062200001,14.882612930133334,2.5521612085999967,161.63909769333335,184.91360884000002,1.0
15.741666667,-6.5950672299,14.891155931266667,2.551532207200001,161.64733754333335,184.93829767000003,1.0
15.75,-6.5995491827,14.899699455133332,2.5509016346000015,161.65556846,184.96295951999997,1.0
15.758333333,-6.6040319118,14.908243496533332,2.5502695093999996,161.66379060666665,184.98759481999997,1.0
15.766666667,-6.6085154248,14.916788061199998,2.5496358174000004,161.67200384333333,185.01220321,1.0
15.775,-6.6129997199999995,14.925333146666667,2.5490005600000014,161.68020819666665,185.03678474,1.0
15.783333333,-6.617484791600001,14.933878749733333,2.5483637497999982,161.68840377666666,185.06133974,1.0
15.791666667000001,-6.6219706441,14.942424874066667,2.547725378800002,161.69659049000003,185.08586796,1.0
15.8,-6.6264572752,14.9509715168,2.547085449600001,161.70476839666668,185.11036952,1.0
15.808333332999998,-6.6309446874,14.959518680266665,2.5464439581999967,161.71293742999998,185.13484428000004,1.0
15.816666667000002,-6.6354328706,14.968066358400002,2.545800925800001,161.72109779333334,185.15929279,1.0
15.825,-6.6399218335,14.976614555666666,2.5451563329999987,161.72924930333332,185.18371455999997,1.0
15.833333332999999,-6.6444115742,14.985163271466664,2.544510184599999,161.7373920166667,185.20810970000002,1.0
15.841666667000002,-6.6489020868,14.993712502533334,2.5438624934000025,161.74552603000004,185.23247853,1.0
15.85,-6.6533933759,15.0022622506,2.543213248199999,161.75365125666667,185.25682079,1.0
15.858333333,-6.6578854391,15.010812514733333,2.542562454799998,161.76176774,185.28113661,1.0
15.866666667,-6.6623782757,15.019363295133333,2.5419101156000004,161.76987549333333,185.30542602999998,1.0
15.875,-6.666871885,15.027914589999998,2.541256230000001,161.77797452333334,185.32968906999997,1.0
15.883333333,-6.6713662666,15.036466399733332,2.5406007998,161.78606485,185.35392576000004,1.0
15.891666667,-6.6758614196999995,15.045018724466667,2.539943827600001,161.79414647000002,185.37813615,1.0
15.9,-6.680357343600001,15.053571562399998,2.539285312799999,161.80221941333332,185.40232024,1.0
15.908333333,-6.6848540378,15.062124913866665,2.5386252574000006,161.81028367000002,185.42647809,1.0
15.916666667000001,-6.689351501599999,15.070678779066668,2.537963663800003,161.81833926333334,185.45060971000004,1.0
15.925,-6.6938497343000005,15.079233156199999,2.5373005313999997,161.82638619666668,185.47471514,1.0
15.933333333,-6.698348735400001,15.0877880456,2.5366358622,161.83442449333333,185.49879442000002,1.0
15.941666667000002,-6.702848504099999,15.096343447399999,2.5359696588000036,161.84245414666668,185.52284755999997,1.0
15.950000000000001,-6.7073490398999995,15.104899359933334,2.535301920200001,161.85047517666666,185.54687461999998,1.0
15.958333332999999,-6.711850342,15.11345578333333,2.534632648999999,161.85848759333334,185.57087560000002,1.0
15.966666667000002,-6.7163524126,15.122012719733334,2.5339618418000027,161.86649136666665,185.59485041,1.0
15.975,-6.720855242900001,15.130570161933335,2.533289514199998,161.87448663666666,185.6187995,1.0
15.983333333,-6.7253588404,15.139128115599998,2.5326156521999987,161.88247328,185.64272247,1.0
15.991666667,-6.7298632017,15.147686579133332,2.531940263600002,161.89045135666666,185.6666195,1.0
16.0,-6.7343683261,15.156245550733333,2.5312633477999995,161.8984208666667,185.69049062000002,1.0
16.008333333,-6.738874213100001,15.164805030733334,2.530584906799998,161.90638183,185.71433586,1.0
16.016666667000003,-6.7433808620999995,15.173365019400002,2.5299049428000027,161.91433424666667,185.73815525000003,1.0
16.025,-6.747888272200001,15.1819255148,2.529223455599997,161.92227814666668,185.76194882,1.0
16.033333332999998,-6.752396443,15.19048651733333,2.5285404469999975,161.93021352333332,185.78571660999998,1.0
16.041666667,-6.7569053738,15.1990480272,2.527855919400003,161.93814039333333,185.80945864,1.0
16.05,-6.7614150639,15.207610042599999,2.527169872200001,161.94605876666665,185.83317494000005,1.0
16.058333333,-6.765925512699999,15.2161725638,2.526482307600002,161.95396865333336,185.85686554,1.0
16.066666667,-6.770436719599999,15.224735591066665,2.5257932278000013,161.96187006666668,185.88053048,1.0
16.075,-6.7749486838,15.233299122533333,2.5251026323999994,161.96976300999998,185.90416979999998,1.0
16.083333333,-6.7794614049,15.2418631586,2.5244105231999976,161.97764750333332,185.92778349999998,1.0
16.091666667000002,-6.783974883799999,15.250427700533333,2.5237168994000037,161.98552352333334,185.95137153999997,1.0
16.1,-6.7884891147,15.258992743133334,2.5230217706000024,161.99339117,185.97493422,1.0
16.108333333,-6.793004102199999,15.267558290133332,2.522325128600002,162.00125036,185.99847129,1.0
16.116666666999997,-6.7975198439,15.276124340599996,2.521626979199997,162.00910114,186.02198289,1.0
16.125,-6.8020363392,15.2846908928,2.5209273215999994,162.01694351666666,186.04546904,1.0
16.133333333,-6.8065535874,15.293257946933332,2.5202261582,162.0247775,186.06892977,1.0
16.141666667,-6.8110715879,15.301825503266665,2.5195234912,162.03260311,186.09236511,1.0
16.150000000000002,-6.8155903401,15.310393560066666,2.518819319800002,162.04042034333332,186.11577508,1.0
16.158333332999998,-6.820109843200001,15.318962117466665,2.5181136465999963,162.04822922,186.13915973999997,1.0
16.166666666999998,-6.8246300988,15.327531177199997,2.5174064693999973,162.05602971,186.16251896999998,1.0
16.175,-6.829151099899999,15.336100733266665,2.516697800200003,162.06382193666667,186.18585316999997,1.0
16.183333333,-6.8336728554,15.344670792266665,2.515987622200001,162.07160573666667,186.20916185,1.0
16.191666667,-6.838195353,15.353241346666666,2.5152759610000004,162.07938133333332,186.23244565,1.0
16.2,-6.8427186015000006,15.361812400999998,2.514562796999999,162.08714856666668,186.25570412000002,1.0
16.208333333,-6.8472425972,15.370383953466666,2.5138481385999976,162.09490749666668,186.27893744,1.0
16.216666667,-6.8517673394,15.378956004266664,2.513131988199998,162.10265815333332,186.30214564,1.0
16.225,-6.856292827500001,15.387528551666666,2.512414345,162.11040051999998,186.32532876000002,1.0
16.233333333,-6.8608190609,15.396101595933333,2.511695211200002,162.11813463,186.34848681000003,1.0
16.241666666999997,-6.8653460388,15.404675137199996,2.5109745893999964,162.12586048333333,186.37161984999997,1.0
16.25,-6.869873762799999,15.413249175199997,2.5102524744000014,162.13357804666666,186.39472778000004,1.0
16.258333333,-6.874402225900001,15.421823705933335,2.509528881199998,162.14128746000003,186.41781096,1.0
16.266666667,-6.878931436999999,15.430398735999997,2.508803793000001,162.14898855,186.44086893000002,1.0
16.275000000000002,-6.8834613837,15.4389742558,2.5080772326000016,162.15668153333334,186.46390234,1.0
16.283333332999998,-6.8879920750000005,15.447550271999997,2.507349182999998,162.1643662666667,186.4869107,1.0
16.291666666999998,-6.8925235071,15.45612678273333,2.5066196527999978,162.1720428,186.50989422,1.0
16.3,-6.8970556793,15.4647037862,2.5058886414000012,162.17971115666668,186.53285290999997,1.0
16.308333333,-6.9015885909,15.4732812826,2.5051561511999987,162.18737133666667,186.55578683,1.0
16.316666667,-6.9061222436000005,15.481859273733335,2.504422179799999,162.1950233166667,186.57869588,1.0
16.325,-6.9106566319,15.490437754599998,2.503686736199999,162.20266718666667,186.60158033000005,1.0
16.333333333,-6.9151917564000005,15.499016726266664,2.502949820199998,162.21030294333335,186.62444016999996,1.0
16.341666667,-6.9197276196,15.507596191066664,2.502211427799999,162.21793053666667,186.64727525,1.0
16.35,-6.9242642191,15.516176146066666,2.5014715618000016,162.22555000666668,186.67008569,1.0
16.358333333,-6.9288015559,15.5247565926,2.5007302212000013,162.23316133333333,186.69287143000003,1.0
16.366666667,-6.9333396243,15.533337527533334,2.4999874184,162.24076463000003,186.71563278,1.0
16.375,-6.9378784305,15.541918953666666,2.4992431390000007,162.24835976666665,186.73836941,1.0
16.383333333,-6.9424179669,15.550500866599998,2.4984973992000006,162.25594689,186.76108170000003,1.0
16.391666667,-6.946958238200001,15.559083270133332,2.497750190599998,162.26352591000003,186.78376941,1.0
16.400000000000002,-6.9514992419,15.567666161266667,2.4970015162000037,162.27109687,186.80643267,1.0
16.408333332999998,-6.9560409795,15.576249541666664,2.496251373999999,162.27865974,186.82907138999997,1.0
16.416666666999998,-6.960583444100001,15.584833407399998,2.4954997787999957,162.28621465333333,186.85168594000004,1.0
16.425,-6.9651266412999995,15.593417760866666,2.4947467174000018,162.29376149666666,186.87427601,1.0
16.433333333,-6.9696705685,15.602002600999999,2.4939921960000007,162.30130032333332,186.89684172999998,1.0
16.441666667,-6.9742152248,15.610587927866664,2.4932362174,162.30883114,186.91938315,1.0
16.45,-6.9787606129999995,15.619173741999997,2.492478774000001,162.3163539,186.94190013000002,1.0
16.458333333,-6.9833067227,15.627760037133331,2.4917198875999986,162.32386878999998,186.96439320000002,1.0
16.466666667,-6.987853563,15.63634682,2.4909595409999987,162.33137564666666,186.98686186999998,1.0
16.475,-6.99240113,15.644934086666668,2.49019774,162.33887453,187.00930635000003,1.0
16.483333333,-6.9969494231,15.653521837400001,2.4894344868000005,162.34636545333333,187.03172668000002,1.0
16.491666667,-7.0014984416,15.662110072399999,2.4886697838000016,162.35384843333335,187.05412288000002,1.0
16.5,-7.0060481848,15.670698789866666,2.487903630399999,162.36132347666666,187.07649497,1.0
16.508333333,-7.0105986523,15.679287990199999,2.4871360283999993,162.36879059666666,187.09884298999998,1.0
16.516666667,-7.0151498432,15.687877673466666,2.4863669805999997,162.37624979333336,187.12116697,1.0
16.525000000000002,-7.019701757000001,15.696467838,2.4855964860000013,162.38370108666666,187.14346694,1.0
16.533333333,-7.024254393,15.705058484,2.4848245470000023,162.39114448333333,187.16574291999996,1.0
16.541666666999998,-7.0288077507,15.713649611799998,2.484051165599997,162.39857999333333,187.18799494,1.0
16.55,-7.0333618293,15.722241219533334,2.4832763414,162.40600763,187.21022304000002,1.0
16.558333333,-7.0379166282,15.730833307466668,2.482500076600001,162.41342739333334,187.23242725,1.0
16.566666667,-7.0424721468,15.739425875866667,2.4817223734000002,162.42083930666666,187.25460758000003,1.0
16.575,-7.0470283845,15.748018922999998,2.4809432310000004,162.42824337,187.27676409000003,1.0
16.583333333,-7.0515853406,15.756612449066665,2.4801626517999997,162.43563960333336,187.29889678,1.0
16.591666667,-7.0561430166,15.765206455733331,2.479380633799998,162.44302796333332,187.32100557999996,1.0
16.6,-7.0607014055,15.773800936999999,2.478597189000002,162.45040859000002,187.34309084999998,1.0
16.608333333,-7.065260513099999,15.7823958974,2.4778123068000015,162.45778136666667,187.36515229999998,1.0
16.616666667,-7.0698203365,15.790991335666668,2.477025993999999,162.46514635333332,187.38719004999996,1.0
16.625,-7.0743808751,15.799587250066667,2.476238249799999,162.47250355333333,187.40920413999999,1.0
16.633333333,-7.0789421284,15.808183640933331,2.4754490762000003,162.47985298,187.43119458,1.0
16.641666667,-7.0835040956,15.8167805084,2.4746584757999983,162.48719463666666,187.45316143999997,1.0
16.650000000000002,-7.0880667762,15.825377850799999,2.4738664476000025,162.49452854,187.47510470999998,1.0
16.658333333,-7.092630172100001,15.833975670066668,2.4730729887999994,162.5018546466667,187.49702429,1.0
16.666666666999998,-7.097194277500001,15.842573963,2.4722781119999953,162.50917306333332,187.51892049999998,1.0
16.675,-7.101759091400001,15.851172727600002,2.471481817199998,162.51648380666668,187.54079336,1.0
16.683333333,-7.106324619,15.859771967999999,2.470684095000002,162.52378678333332,187.56264262000002,1.0
16.691666667,-7.1108908567,15.868371682466666,2.4698849536000003,162.53108205666666,187.58446844000002,1.0
16.7,-7.115457803899999,15.876971869266665,2.4690843922,162.53836963333336,187.60627087,1.0
16.708333333,-7.12002546,15.885572528666666,2.468282412999998,162.54564952666666,187.62804991999997,1.0
16.716666667,-7.1245938244,15.894173660933333,2.467479018199999,162.55292173666666,187.64980562,1.0
16.725,-7.1291628962999996,15.902775264199999,2.466674207400003,162.56018628666666,187.67153801,1.0
16.733333333,-7.1337326753,15.911377338866666,2.4658679824000016,162.56744318333332,187.69324710999996,1.0
16.741666667,-7.1383031606,15.919979885066667,2.4650603458000013,162.57469242666667,187.71493295,1.0
16.75,-7.1428743517,15.928582901133334,2.4642512966000005,162.58193403666667,187.73659555999998,1.0
16.758333333,-7.1474462478000005,15.9371863872,2.4634408373999976,162.5891680166667,187.75823498000003,1.0
16.766666667,-7.152018848400001,15.945790343599999,2.4626289701999973,162.59639438,187.77985122,1.0
16.775000000000002,-7.156592152799999,15.954394768533334,2.4618156944000047,162.60361314333332,187.8014443,1.0
16.783333333,-7.1611661626,15.962999663733335,2.461001007800001,162.61082427,187.82301416999996,1.0
16.791666666999998,-7.1657408706,15.971605025066665,2.4601849257999975,162.61802787666667,187.84456117999997,1.0
16.8,-7.1703162827,15.980210855133333,2.4593674346000007,162.62522387666664,187.86608501,1.0
16.808333333,-7.174892399299999,15.988817154866666,2.458548534400002,162.63241225,187.88758563000005,1.0
16.816666667,-7.1794692101,15.997423918066666,2.4577282468000012,162.63959318333335,187.90906359999997,1.0
16.825000000000003,-7.184046726899999,16.00603115126667,2.4569065462000035,162.64676645666668,187.93051829,1.0
16.833333333,-7.188624937599999,16.014638847066664,2.4560834577999993,162.65393229333333,187.95195031000003,1.0
16.841666667,-7.1932038499,16.023247011266665,2.455258967199999,162.66109055333334,187.97335927,1.0
16.85,-7.197783460199999,16.031855640133333,2.454433079600002,162.66824129666665,187.99474535000002,1.0
16.858333333,-7.2023637681,16.040464734066667,2.4536057968000016,162.67538453,188.01610856999997,1.0
16.866666667,-7.206944772899999,16.049074293266663,2.452777121200003,162.68252026,188.03744895,1.0
16.875,-7.2115264739,16.057684315933333,2.4519470521999986,162.68964851,188.05876652999996,1.0
16.883333333,-7.2161088705,16.06629480233333,2.451115591999998,162.69676927,188.08006134,1.0
16.891666667,-7.2206919642,16.074905754133333,2.4502827385999986,162.70388253,188.10133329,1.0
16.900000000000002,-7.225275748,16.083517165333333,2.449448504000003,162.71098841,188.12258273999998,1.0
16.908333333,-7.229860227600001,16.0921290404,2.4486128778000014,162.71808679333333,188.14380939999998,1.0
16.916666666999998,-7.2344454025000005,16.100741379666665,2.4477758619999967,162.72517770666667,188.16501326000002,1.0
16.925,-7.2390312656,16.109354177066667,2.446937468799999,162.73226125666665,188.18619473,1.0
16.933333333,-7.2436178226,16.117967437066667,2.446097687799999,162.73933735333335,188.20735348,1.0
16.941666667,-7.2482050709,16.126581158599997,2.4452565252000005,162.7464060433333,188.22848965,1.0
16.950000000000003,-7.2527930096999995,16.1351953398,2.444413980600004,162.75346732666665,188.24960326999997,1.0
16.958333333,-7.2573816417,16.14380998313333,2.443570049599998,162.76052115666667,188.27069419999998,1.0
16.966666667,-7.2619709565,16.15242508233333,2.4427247539999977,162.76756772333334,188.29176298,1.0
16.975,-7.266560963300001,16.1610406422,2.441878073399999,162.77460685999998,188.31280911,1.0
16.983333333,-7.2711516581,16.16965666073333,2.441030016800002,162.78163864,188.33383281,1.0
16.991666667,-7.2757430404,16.178273138266665,2.4401805862000003,162.78866306,188.3548341,1.0
17.0,-7.280335109499999,16.186890073,2.4393297810000014,162.79568014000003,188.37581301,1.0
17.008333333,-7.2849278647,16.195507465133332,2.438477603599999,162.80268988666668,188.39676956000002,1.0
17.016666667,-7.2895213089999995,16.20412531733333,2.437624049,162.80969224333333,188.41770361,1.0
17.025000000000002,-7.294115432999999,16.212743621999998,2.436769134000005,162.81668738333332,188.43861562,1.0
17.033333333,-7.2987102412,16.2213623828,2.435912850600001,162.82367521666666,188.45950538,1.0
17.041666667,-7.3033057348999995,16.229981601266665,2.4350551972000014,162.83065571999998,188.48037279000002,1.0
17.05,-7.3079019117,16.238601274466667,2.4341961766000004,162.83762893999997,188.50121799,1.0
17.058333333,-7.3124987707999995,16.24722140253333,2.433335791400001,162.84459488333331,188.522041,1.0
17.066666667,-7.3170963117,16.255841985799997,2.432474043599999,162.85155356333334,188.54284185999998,1.0
17.075000000000003,-7.3216945356,16.264463023733335,2.431610928800004,162.85850496,188.56362048,1.0
17.083333333,-7.3262934365,16.273084513,2.430746459999998,162.86544916,188.58437718,1.0
17.091666667,-7.3308930191,16.2817064574,2.4298806287999986,162.87238609666665,188.60511172999998,1.0
17.1,-7.335493280900001,16.29032885393333,2.429013438200001,162.87931580666665,188.62582421,1.0
17.108333333,-7.340094221399999,16.29895170293333,2.4281448902000022,162.88623829666665,188.64651467,1.0
17.116666667,-7.3446958421,16.307575006066664,2.4272749828,162.89315354,188.66718303000005,1.0
17.125,-7.3492981394,16.3161987596,2.4264037212,162.9000615966667,188.68782947,1.0
17.133333333,-7.353901108700001,16.324822961133332,2.4255311155999983,162.90696254333332,188.70845422,1.0
17.141666667,-7.3585047576,16.333447616399997,2.424657151800001,162.9138562533333,188.72905687,1.0
17.150000000000002,-7.3631090837999995,16.342072722533334,2.423781832400003,162.92074276666668,188.74963754,1.0
17.158333333,-7.3677140815,16.350698276333333,2.422905170000001,162.92762216999998,188.77019654999998,1.0
17.166666667,-7.3723197573,16.359324282866666,2.422027152400002,162.93449435666668,188.79073352,1.0
17.175,-7.376926102500001,16.367950735,2.4211477949999995,162.9413594766667,188.8112489,1.0
17.183333333,-7.3815331229,16.376577637266664,2.420267087200002,162.94821742333332,188.8317424,1.0
17.191666667,-7.3861408158,16.38520498853333,2.4193850353999986,162.95506824999998,188.85221414999998,1.0
17.2,-7.390749180399999,16.39383278693333,2.4185016391999996,162.96191195999998,188.87266419000002,1.0
17.208333333,-7.395358216300001,16.402461032866665,2.417616900399998,162.96874856666665,188.89309253,1.0
17.216666667,-7.3999679227,16.411089726466663,2.416730821599998,162.9755780733333,188.91349921000003,1.0
17.224999999999998,-7.404578300799999,16.419718867199997,2.4158433984,162.98240047,188.93388413999998,1.0
17.233333333,-7.4091893447,16.428348451799998,2.4149546436000016,162.98921584,188.95424765999996,1.0
17.241666667,-7.413801059,16.436978484,2.414064549,162.99602412333334,188.9745895,1.0
17.25,-7.4184134415,16.445608960999998,2.4131731169999995,163.00282534666667,188.99490977000002,1.0
17.258333333,-7.423026491400001,16.454239882933333,2.412280350199997,163.00961951666667,189.01520852,1.0
17.266666667,-7.4276402109,16.46287125193333,2.4113862451999992,163.0164066033333,189.03548563,1.0
17.275,-7.4322545909999995,16.471503060666663,2.4104908179999995,163.0231867533333,189.05574153999999,1.0
17.283333333,-7.436869639599999,16.480135315066665,2.409594053800003,163.02995983666668,189.07597586000003,1.0
17.291666667,-7.4414853531,16.488768013399998,2.408695960800002,163.03672590666665,189.09618875,1.0
17.299999999999997,-7.446101731000001,16.497401153999995,2.407796537999996,163.04348497666663,189.11638025,1.0
17.308333333,-7.4507187726,16.506034737066663,2.4068957878,163.05023705333335,189.13655038000002,1.0
17.316666667,-7.4553364774,16.514668762933333,2.4059937122,163.05698214666668,189.15669916999997,1.0
17.325,-7.4599548474,16.523303231599996,2.4050903052000008,163.06372021666667,189.17682649999998,1.0
17.333333333,-7.464573873700001,16.531938137799997,2.404185585599997,163.07045141666666,189.19693283,1.0
17.341666667,-7.4691935641,16.540573487399996,2.403279538799999,163.07717562000002,189.21701774999997,1.0
17.349999999999998,-7.473813915200001,16.5492092768,2.402372169599996,163.08389287,189.23708145,1.0
17.358333333,-7.4784349262,16.557845506133333,2.4014634806000004,163.09060318666664,189.25712393,1.0
17.366666667,-7.483056596699999,16.566482175799997,2.4005534736000023,163.09730657333333,189.27714523000003,1.0
17.375,-7.487678926000001,16.575119284,2.399642147999998,163.1040030466667,189.29714537,1.0
17.383333333,-7.4923019135,16.583756831,2.3987295059999987,163.11069261000003,189.31712439,1.0
17.391666667,-7.496925561299999,16.592394818866666,2.3978155444,163.11737522333334,189.33708216999997,1.0
17.4,-7.501549860499999,16.60103324033333,2.3969002790000005,163.12405104333334,189.35701914999999,1.0
17.408333333,-7.5061748188,16.609672101199997,2.395983695400002,163.13071993,189.37693494,1.0
17.416666667,-7.5108004329,16.618311399933333,2.3950658012000012,163.13738194333334,189.39682972,1.0
17.424999999999997,-7.515426702,16.626951134666662,2.394146595999998,163.14403709666666,189.41670349999998,1.0
17.433333333,-7.5200536256,16.635591305733332,2.393226081800001,163.15068540000001,189.43655630999996,1.0
17.441666667,-7.5246812031,16.6442319134,2.3923042607999996,163.15732685333333,189.45638818,1.0
17.45,-7.529309433799999,16.652872955866663,2.391381132400002,163.16396147333333,189.47619913,1.0
17.458333333000002,-7.5339383207,16.6615144358,2.3904566916000034,163.17058920666668,189.495989,1.0
17.466666667,-7.5385678527,16.670156346466662,2.3895309615999984,163.17721024333335,189.51575839000003,1.0
17.474999999999998,-7.5431980395,16.678798692999997,2.388603920999998,163.18382441,189.53550675000002,1.0
17.483333333,-7.547828877100001,16.6874414734,2.3876755787999997,163.19043177999998,189.5552343,1.0
17.491666667,-7.552460364999999,16.696084688,2.3867459370000033,163.19703235666665,189.57494108,1.0
17.5,-7.5570925052,16.7047283368,2.3858149896,163.20362610333333,189.59462695000002,1.0
17.508333333,-7.5617252888,16.713372414533332,2.3848827553999996,163.2102131833333,189.61429237,1.0
17.516666667,-7.5663587235,16.722016927,2.3839492200000008,163.21679344666668,189.63393694999996,1.0
17.525,-7.5709928059,16.730661870599995,2.3830143881999994,163.22336695666667,189.65356085000002,1.0
17.533333333,-7.5756275355,16.739307245666666,2.382078262000001,163.22993372333335,189.6731641,1.0
17.541666667,-7.5802629117,16.747953052466666,2.381140843600001,163.23649375333332,189.69274672,1.0
17.549999999999997,-7.5848989337,16.75659928913333,2.3802021325999974,163.24304705666665,189.71230873999997,1.0
17.558333333,-7.589535601,16.765245956,2.379262131000001,163.24959364333333,189.73185019000002,1.0
17.566666667,-7.5941729129999995,16.77389305333333,2.3783208410000007,163.25613352,189.75137109000002,1.0
17.575,-7.5988108719,16.782540581266666,2.3773782562,163.26266665666665,189.77087131999997,1.0
17.583333333000002,-7.6034494686,16.7911885344,2.3764343958000014,163.2691931933333,189.79035133,1.0
17.591666667,-7.608088711,16.799836918666664,2.375489244999998,163.27571299666667,189.80981074999997,1.0
17.599999999999998,-7.612728595699999,16.808485730466664,2.3745428086,163.28222613333332,189.82924972,1.0
17.608333333,-7.617369125900001,16.8171349726,2.3735950811999986,163.28873254333334,189.84866805999997,1.0
17.616666667,-7.6220102893,16.82578463753333,2.3726460884,163.29523242666667,189.86806643,1.0
17.625,-7.626652097,16.83443473133333,2.371695805999999,163.30172559999997,189.88744422,1.0
17.633333333,-7.631294544599999,16.84308525173333,2.370744243800001,163.30821214333332,189.90680167,1.0
17.641666667,-7.6359376314,16.85173619893333,2.369791404199998,163.31469205333335,189.9261388,1.0
17.65,-7.6405813567,16.86038757113333,2.368837286599998,163.32116534333335,189.94545564999999,1.0
17.658333333,-7.6452257201,16.869039368733333,2.3678818928000007,163.32763202666666,189.96475223000004,1.0
17.666666667,-7.649870720800001,16.877691591866668,2.3669252253999993,163.33409211,189.98402858999998,1.0
17.675,-7.6545163582999995,16.886344238866666,2.3659672834000007,163.3405456,190.00328471999995,1.0
17.683333333,-7.659162631999999,16.894997309999997,2.3650080690000017,163.34699250666665,190.02252068,1.0
17.691666667,-7.6638095413,16.90365080553333,2.364047584399999,163.35343284,190.04173647,1.0
17.7,-7.668457087699999,16.912304725133332,2.3630858246000015,163.35986657666663,190.06093201999997,1.0
17.708333333000002,-7.6731052641,16.92095906473333,2.362122804800002,163.36629382333334,190.08010767999997,1.0
17.716666667,-7.677754076399999,16.92961382893333,2.3611585141999996,163.37271449,190.09926315,1.0
17.724999999999998,-7.6824035218999995,16.938269014599996,2.360192956199999,163.3791286166667,190.11839855,1.0
17.733333333,-7.6870536034,16.946924624266664,2.359226126200002,163.38553616,190.13751374999998,1.0
17.741666667,-7.6917043098,16.9555806512,2.3582580473999997,163.3919373,190.15660929,1.0
17.75,-7.696355651099999,16.96423710073333,2.3572886978000014,163.39833186666667,190.17568469000003,1.0
17.758333333,-7.7010076249,16.97289397193333,2.356318083199999,163.4047199,190.19474003999997,1.0
17.766666667,-7.7056602253,16.981551261533333,2.3553462163999983,163.41110149666667,190.21377563000001,1.0
17.775,-7.710313457,16.99020897133333,2.354373085999999,163.41747658666665,190.23279122000002,1.0
17.783333333,-7.7149673197,16.998867101800002,2.3533986936,163.42384516,190.25178684000002,1.0
17.791666667,-7.7196218065,17.007525649,2.352423054,163.43020733666668,190.27076282000002,1.0
17.8,-7.724276923200001,17.016184615466667,2.3514461535999986,163.4365630166667,190.28971886000002,1.0
17.808333333,-7.7289326669,17.02484399993333,2.3504679992,163.44291225333333,190.30865509,1.0
17.816666667,-7.733589037200001,17.0335038028,2.3494885925999975,163.44925504,190.32757155000002,1.0
17.825,-7.738246033399999,17.042164022266665,2.3485079332000005,163.4555914,190.34646825000002,1.0
17.833333333000002,-7.7429036549,17.0508246586,2.3475260232000013,163.46192133666668,190.36534523,1.0
17.841666667,-7.747561901199999,17.05948571213333,2.3465428646,163.46824485333335,190.38420249999996,1.0
17.849999999999998,-7.7522207715,17.068147180999997,2.3455584569999983,163.47456197333335,190.40304010000003,1.0
17.858333333,-7.7568802671,17.076809066733333,2.3445727988000016,163.4808726533333,190.42185796,1.0
17.866666667,-7.761540383899999,17.085471367266663,2.3435858992000034,163.48717698,190.44065627999998,1.0
17.875,-7.7662011243,17.094134082866667,2.3425977513999996,163.49347491,190.45943493000004,1.0
17.883333333,-7.770862482099999,17.102797210066665,2.3416083688000002,163.49976653666667,190.47819421999998,1.0
17.891666667,-7.7755244641,17.111460754066663,2.340617738799999,163.50605174666666,190.49693380999997,1.0
17.9,-7.7801870666,17.120124711066666,2.3396258667999987,163.51233060666667,190.51565387,1.0
17.908333333,-7.784850292499999,17.128789083666668,2.338632748000003,163.51860306,190.53435426,1.0
17.916666667,-7.7895141325,17.13745386633333,2.3376384020000023,163.52486926666666,190.55303543000002,1.0
17.925,-7.794178591200001,17.1461190608,2.3366428175999987,163.53112914333335,190.57169715999999,1.0
17.933333333,-7.7988436735,17.154784671,2.3356459859999994,163.53738260666665,190.59033917,1.0
17.941666667,-7.803509366,17.163450688666664,2.3346479349999996,163.54362989,190.60896216000003,1.0
17.95,-7.8081756819,17.172117121266666,2.3336486361999995,163.54987075666665,190.62756545000002,1.0
17.958333333000002,-7.8128426085,17.180783961,2.332648116000004,163.55610542666668,190.64614967,1.0
17.966666667000002,-7.817510153800001,17.18945121386667,2.3316463594000005,163.56233376333333,190.66471441000002,1.0
17.974999999999998,-7.8221783141,17.198118876066665,2.3306433717999973,163.56855582666668,190.68325985,1.0
17.983333333,-7.8268470891,17.206786948066664,2.3296391548000015,163.57477161666665,190.70178602,1.0
17.991666667,-7.831516478,17.21545543,2.3286337109999993,163.58098114999999,190.72029293999998,1.0
18.0,-7.8361864803,17.224124320199998,2.3276270393999994,163.58718443,190.73878062,1.0
18.008333333,-7.8408570954000005,17.232793618933332,2.3266191421999984,163.59338147,190.75724910000002,1.0
18.016666667,-7.8455283227,17.241463326466665,2.3256100215999993,163.59957227666666,190.77569839999998,1.0
18.025,-7.8502001616,17.250133441066666,2.3245996767999983,163.60575686,190.79412855,1.0
18.033333333,-7.854872611499999,17.258803963,2.323588110000003,163.61193522666665,190.81253957,1.0
18.041666667,-7.8595456719,17.2674748926,2.3225753231999997,163.61810738333335,190.83093148,1.0
18.05,-7.864219342,17.276146228,2.3215613160000004,163.62427334,190.84930431000004,1.0
18.058333333,-7.8688936214,17.2848179696,2.3205460902000006,163.63043310333333,190.86765808,1.0
18.066666667,-7.8735685094,17.2934901176,2.3195296481999996,163.63658668333332,190.88599282,1.0
18.075,-7.8782440055,17.30216267033333,2.3185119889999983,163.6427340966667,190.90430855,1.0
18.083333333000002,-7.8829201112,17.310835629466666,2.317493110600002,163.64887530666667,190.92260519,1.0
18.091666667000002,-7.887596819500001,17.319508991,2.3164730280000008,163.65501042333332,190.9408831,1.0
18.099999999999998,-7.8922741384,17.32818275893333,2.3154517231999963,163.66113933,190.95914183999997,1.0
18.108333333,-7.8969520616999995,17.3368569298,2.3144292096000028,163.66726211,190.97738175,1.0
18.116666667,-7.9016305861000005,17.345531502066667,2.3134054947999987,163.67337882666666,190.99560296,1.0
18.125,-7.906309718199999,17.3542064788,2.3123805636000014,163.67948936666667,191.01380515999998,1.0
18.133333333000003,-7.910989454099999,17.362881858066665,2.3113544248000046,163.68559379666667,191.03198852000003,1.0
18.141666667,-7.9156697935,17.371557640333332,2.3103270799999978,163.69169211666664,191.05015307000002,1.0
18.15,-7.9203507377,17.38023382513333,2.309298524599999,163.69778429666667,191.06829872,1.0
18.158333333,-7.9250322798,17.388910408533334,2.308268773400002,163.70387046666664,191.08642583,1.0
18.166666667,-7.9297144256,17.397587395066665,2.3072378158000006,163.70995051999998,191.10453407999998,1.0
18.175,-7.9343971724,17.4062647816,2.3062056552000003,163.71602449666668,191.12262362,1.0
18.183333333,-7.939080522699999,17.414942570466664,2.3051722876000014,163.72209236,191.14069431,1.0
18.191666667,-7.9437644668,17.423620755866665,2.3041377333999984,163.72815426333332,191.15874664,1.0
18.2,-7.948449013099999,17.432299342066663,2.3031019738000005,163.73421007333334,191.17678018000004,1.0
18.208333333000002,-7.953134158,17.440978327333333,2.302065017000001,163.74025984333335,191.19479509,1.0
18.216666667000002,-7.9578199032,17.449657713466667,2.3010268606000013,163.74630354666667,191.21279129,1.0
18.224999999999998,-7.9625062416,17.4583374944,2.299987516799998,163.75234129666663,191.23076915,1.0
18.233333333,-7.9671931808,17.467017675866664,2.298946971400002,163.75837296666666,191.24872825999998,1.0
18.241666667,-7.9718807128,17.4756982532,2.2979052413999996,163.76439869,191.26666902,1.0
18.25,-7.9765688423,17.484379228199998,2.2968623153999994,163.77041838,191.28459120000002,1.0
18.258333333000003,-7.981257567,17.4930606,2.295818199000003,163.7764320866667,191.30249489,1.0
18.266666667,-7.9859468862,17.5017423688,2.2947728945999986,163.78243981,191.32038011999998,1.0
18.275,-7.990636799500001,17.510424533,2.293726400999997,163.78844155666667,191.33824694000003,1.0
18.283333332999998,-7.9953273061,17.51910709273333,2.292678720799998,163.79443734666668,191.35609534999998,1.0
18.291666667,-8.0000184056,17.5277900484,2.2916298558,163.80042717,191.37392538,1.0
18.3,-8.0047100973,17.536473398200002,2.2905798054,163.80641105,191.39173704,1.0
18.308333333,-8.0094023807,17.545157142466664,2.289528571600002,163.81238898333334,191.40953038,1.0
18.316666667,-8.0140952552,17.553841281466667,2.288476156599998,163.81836098999997,191.4273054,1.0
18.325,-8.0187887224,17.56252581493333,2.287422555199999,163.82432703666666,191.44506203000003,1.0
18.333333333,-8.0234827752,17.571210738799998,2.2863677825999993,163.83028724000002,191.46280062,1.0
18.341666667000002,-8.0281774195,17.579896057666666,2.285311828000001,163.83624149333332,191.48052085000003,1.0
18.35,-8.0328726525,17.588581768333334,2.2842546950000013,163.84218985666666,191.49822287,1.0
18.358333332999997,-8.0375684738,17.597267871199996,2.2831963853999966,163.84813232333332,191.51590669,1.0
18.366666667,-8.0422648827,17.605954366466666,2.2821369016000013,163.85406890666667,191.53357235,1.0
18.375,-8.0469618786,17.6146412524,2.281076242800001,163.85999962,191.55121986,1.0
18.383333333,-8.051659461,17.62332852933333,2.280014411,163.86592446333333,191.56884924999997,1.0
18.391666667,-8.056357629299999,17.632016197533332,2.278951408400001,163.87184344333332,191.58646054000002,1.0
18.4,-8.061056383,17.640704255333333,2.277887233999998,163.87775657666666,191.60405375,1.0
18.408333332999998,-8.0657557213,17.649392702866663,2.2768218903999973,163.88366386666667,191.62162891999998,1.0
18.416666667,-8.070455643799999,17.65808154053333,2.275755379400003,163.88956531666665,191.63918606,1.0
18.425,-8.07515615,17.666770766666666,2.274687700000001,163.89546095,191.65672517999997,1.0
18.433333333,-8.0798572419,17.675460383266667,2.273618849200002,163.90135071666666,191.67424618999996,1.0
18.441666667,-8.084558912799999,17.684150386533332,2.2725488414000026,163.90723472333332,191.69174941000003,1.0
18.45,-8.0892611641,17.692840776066664,2.2714776717999996,163.91311295666665,191.70923476999997,1.0
18.458333333,-8.0939639988,17.701531554533332,2.2704053353999996,163.91898536333335,191.72670210999996,1.0
18.466666667000002,-8.0986674143,17.710222720866668,2.269331838400003,163.92485198,191.74415156999999,1.0
18.475,-8.1033714099,17.718914273266666,2.2682571802000027,163.93071282,191.76158316,1.0
18.483333332999997,-8.1080759851,17.727606212066664,2.267181362799999,163.93656789,191.77899690000004,1.0
18.491666667,-8.112781141,17.736298538666667,2.266104385000002,163.94241717,191.79639273000004,1.0
18.5,-8.117486871899999,17.74499124793333,2.2650262562000023,163.94826075,191.81377095,1.0
18.508333333,-8.1221931824,17.7536843436,2.263946968199999,163.95409855666668,191.83113131,1.0
18.516666667,-8.1269000702,17.762377824799998,2.2628665266,163.95993063333333,191.84847391,1.0
18.525,-8.1316075347,17.7710716898,2.2617849305999975,163.96575697,191.86579877999998,1.0
18.533333332999998,-8.1363155753,17.779765938866664,2.2607021823999993,163.97157759,191.88310596,1.0
18.541666667,-8.141024191600001,17.788460572400002,2.2596182837999983,163.97739249333333,191.90039545,1.0
18.55,-8.1457333829,17.7971555886,2.2585332342000015,163.98320169000002,191.91766728,1.0
18.558333333,-8.1504431486,17.805850987733333,2.2574470357999985,163.98900518666667,191.93492147,1.0
18.566666667,-8.1551534882,17.814546770133333,2.2563596906,163.99480299666666,191.95215806,1.0
18.575,-8.1598644011,17.823242934066663,2.255271197799999,164.00059511999999,191.96937705,1.0
18.583333333,-8.1645758867,17.8319394798,2.254181559599999,164.00638157,191.98657848000002,1.0
18.591666667000002,-8.1692879445,17.84063640766667,2.2530907780000007,164.01216236,192.00376236,1.0
18.6,-8.174000577,17.849333718,2.251998846000003,164.01793743333334,192.02092858,1.0
18.608333332999997,-8.1787137744,17.85803140493333,2.250905784199997,164.02370696,192.03807759,1.0
18.616666667,-8.1834275472,17.866729476133333,2.2498115725999988,164.0294707633333,192.05520889,1.0
18.625,-8.1881418863,17.8754279242,2.248716227399999,164.03522899333333,192.07232290000002,1.0
18.633333333,-8.1928567993,17.884126754866664,2.2476197344000006,164.04098152,192.08941926,1.0
18.641666667000003,-8.197572277299999,17.892825962866667,2.2465221124000045,164.04672848666667,192.1064984,1.0
18.65,-8.202288322700001,17.901525548466665,2.245423354599996,164.05246985333335,192.12356020000001,1.0
18.658333332999998,-8.2070049376,17.91022551373333,2.2443234577999966,164.05820559,192.14060453999997,1.0
18.666666667,-8.2117221196,17.91892585773333,2.243222427800003,164.06393573,192.15763154999996,1.0
18.675,-8.216439871599999,17.927626581066665,2.2421202568000034,164.06966022666668,192.17464106,1.0
18.683333333,-8.2211581854,17.93632767893333,2.2410169622,164.07537921000002,192.19163349,1.0
18.691666667,-8.2258770625,17.945029153,2.239912541999999,164.08109265666667,192.20860874000002,1.0
18.7,-8.2305965072,17.953731004799998,2.2388069856,164.08680049,192.22556661,1.0
18.708333333,-8.235316516200001,17.9624332328,2.2377003005999967,164.09250277,192.24250725000002,1.0
18.716666667000002,-8.240037089000001,17.971135837333335,2.2365924889999995,164.09819949333334,192.25943068000004,1.0
18.725,-8.2447582249,17.9798388166,2.2354835502000014,164.10389069000001,192.27633693,1.0
18.733333332999997,-8.2494799234,17.98854217093333,2.234373486199999,164.10957633666666,192.29322602000002,1.0
18.741666667,-8.2542021839,17.9972459006,2.2332622991999997,164.11525647,192.31009797,1.0
18.75,-8.258925006,18.005950004,2.2321499879999998,164.12093107666666,192.32695280000002,1.0
18.758333333,-8.2636483889,18.014654481266664,2.2310365551999993,164.12660017666667,192.34379054000001,1.0
18.766666667000003,-8.268372334,18.023359334,2.229921999000002,164.13226374666667,192.36061112,1.0
18.775,-8.2730968354,18.03206455693333,2.2288063291999975,164.13792187333334,192.37741483000002,1.0
18.783333332999998,-8.2778218978,18.040770153866664,2.2276895373999963,164.14357449,192.39420141000002,1.0
18.791666667,-8.282547518900001,18.049476123933335,2.2265716291999986,164.14922162333332,192.41097100000002,1.0
18.8,-8.2872736981,18.058182465399998,2.225452603800001,164.15486328666665,192.42772361000004,1.0
18.808333333,-8.2920002942,18.0668890848,2.2243327446000016,164.16049832666667,192.44446235000004,1.0
18.816666667,-8.2967273094,18.075595984266663,2.2232120482000006,164.16613696,192.46118841000003,1.0
18.825,-8.3014547991,18.084303199399997,2.222090401799999,164.17177372333333,192.47790079,1.0
18.833333333,-8.3061827907,18.09301074913333,2.2209677516,164.17740735333334,192.49459839999997,1.0
18.841666667000002,-8.3109112936,18.1017186404,2.2198440798000014,164.18303748666668,192.51128087,1.0
18.85,-8.3156403155,18.110426877,2.218719369000002,164.18866361666667,192.52794794,1.0
18.858333332999997,-8.3203698594,18.119135461599996,2.2175936141999983,164.19428584333332,192.5445994,1.0
18.866666667,-8.32509993,18.127844398,2.2164668069999998,164.19990368666666,192.56123519000002,1.0
18.875,-8.329830531199999,18.136553687466666,2.215338937600002,164.20551706666666,192.57785507,1.0
18.883333333,-8.3345616745,18.14526333833333,2.214209984,164.21112554333334,192.59445859,1.0
18.891666667000003,-8.3392933456,18.153973341733334,2.213079975800003,164.21672966,192.61104632999997,1.0
18.9,-8.3440255551,18.1626837034,2.2119488897999986,164.22232893999998,192.62761788,1.0
18.908333332999998,-8.3487583023,18.171394423533332,2.2108167283999975,164.22792340333334,192.64417324000001,1.0
18.916666667,-8.3534915865,18.180105502333333,2.209683494,164.23351306666666,192.66071245999998,1.0
18.925,-8.3582254075,18.188816938333332,2.208549184999999,164.2390979966667,192.67723550000002,1.0
18.933333333,-8.3629597617,18.1975287298,2.2074138095999984,164.24467814333335,192.6937426,1.0
18.941666667,-8.3676946522,18.206240879466666,2.206277362599998,164.25025344666668,192.71023358000002,1.0
18.95,-8.372430079199999,18.21495338613333,2.205139841600001,164.25582398999998,192.72670838999997,1.0
18.958333333,-8.3771660382,18.223666247466667,2.204001256599998,164.26138978,192.74316729000003,1.0
18.966666667000002,-8.3819025445,18.232379474333335,2.2028615780000003,164.26695026000002,192.75960963,1.0
18.975,-8.386639584100001,18.241093056066667,2.2017208317999994,164.27250605333333,192.77603593,1.0
18.983333333,-8.3913771528,18.249806990533333,2.2005790274,164.27805711666667,192.79244645000003,1.0
18.991666667,-8.3961152554,18.2585212816,2.199436156200001,164.28360343,192.80884092000002,1.0
19.0,-8.4008539014,18.267235934266665,2.1982921972000007,164.28914448999998,192.825219,1.0
19.008333333,-8.4055930776,18.275950940399998,2.197147177799998,164.29468086999998,192.84158118,1.0
19.016666667000003,-8.4103327957,18.28466630846667,2.1960010756000017,164.30021211666667,192.85792700000002,1.0
19.025,-8.41507304,18.293382026666663,2.19485392,164.30573865,192.87425715000003,1.0
19.033333332999998,-8.419813827899999,18.302098107266662,2.1937056772000005,164.31125994666667,192.89057086999998,1.0
19.041666667,-8.4245551437,18.310814540466666,2.1925563796000027,164.31677658,192.90686879999998,1.0
19.05,-8.4292969993,18.319531332866667,2.1914060014000007,164.3222880333333,192.92315047,1.0
19.058333333,-8.4340393815,18.328248476333332,2.1902545700000005,164.32779485666666,192.93941639000002,1.0
19.066666667,-8.4387823026,18.336965979733332,2.1891020618,164.33329649333334,192.95566609000002,1.0
19.075,-8.443525748699999,18.345683832466666,2.187948502600001,164.33879352666665,192.97190012,1.0
19.083333333,-8.4482697321,18.3544020434,2.186793868799999,164.34428542333333,192.98811798999998,1.0
19.091666667000002,-8.4530142397,18.363120604466665,2.185638187600002,164.34977271666668,193.00432022,1.0
19.1,-8.4577592842,18.371839522800002,2.184481431600002,164.35525486333333,193.02050628999996,1.0
19.108333333,-8.4625048648,18.380558798533333,2.1833236034000016,164.36073187,193.03667625000003,1.0
19.116666667,-8.4672509672,18.389278422799997,2.1821647326000004,164.36620432333333,193.05283065999998,1.0
19.125,-8.4719976047,18.397998403133332,2.1810047905999994,164.37167165999998,193.068969,1.0
19.133333333,-8.476744776,18.406718739333332,2.179843780999999,164.3771339,193.08509130000002,1.0
19.141666667000003,-8.481492467899999,18.415439423266665,2.1786817312000046,164.38259160666667,193.10119811,1.0
19.15,-8.4862406933,18.424160462199996,2.1775186134,164.38804426666664,193.11728888000002,1.0
19.158333332999998,-8.4909894489,18.432881854599998,2.176354435199997,164.39349182666666,193.13336381,1.0
19.166666667,-8.495738725399999,18.441603594933333,2.1751892162000033,164.39893483666668,193.1494232,1.0
19.175,-8.5004885334,18.450325688933333,2.1740229332,164.40437278333334,193.16546664999998,1.0
19.183333333,-8.5052388721,18.459048136733333,2.172855588800001,164.40980572666666,193.18149418999997,1.0
19.191666667,-8.5099897262,18.4677709288,2.1716872145999986,164.41523416,193.19750646,1.0
19.2,-8.514741112300001,18.476494074866665,2.170517775399997,164.42065756999997,193.21350273000002,1.0
19.208333333,-8.519493025200001,18.48521757213333,2.169347282599997,164.4260759166667,193.2294833,1.0
19.216666667000002,-8.524245455600001,18.493941415066665,2.1681757558,164.43148977666667,193.24544845999998,1.0
19.225,-8.5289984143,18.50266560953333,2.167003171400001,164.43689860666666,193.26139780999998,1.0
19.233333333,-8.5337519006,18.51139015573333,2.1658295318,164.44230242333336,193.27733137,1.0
19.241666666999997,-8.5385059144,18.52011505426666,2.164654838199997,164.44770130333333,193.29324913000002,1.0
19.25,-8.543260437499999,18.528840291666665,2.163479125000002,164.4530958133333,193.30915186,1.0
19.258333333,-8.548015487799999,18.53756588053333,2.1623023574000015,164.45848524,193.32503883,1.0
19.266666667,-8.5527710653,18.54629182153333,2.161124536399999,164.46386967333333,193.34091001000002,1.0
19.275000000000002,-8.5575271682,18.555018112133332,2.159945663600002,164.4692491066667,193.3567655,1.0
19.283333332999998,-8.5622837816,18.563744743066664,2.1587657697999987,164.47462416,193.37260586999997,1.0
19.291666666999998,-8.567040919,18.572471723999996,2.1575848289999975,164.47999424000002,193.3884306,1.0
19.3,-8.5717985796,18.581199053066666,2.156402840800002,164.48535937333335,193.40423971,1.0
19.308333333,-8.576556762900001,18.5899267306,2.155219807199998,164.49071956000003,193.42003323,1.0
19.316666667,-8.5813154546,18.598654747733335,2.154035757799999,164.49607539666667,193.43581172,1.0
19.325,-8.5860746682,18.607383112133334,2.152850663599999,164.50142628333333,193.45157464000005,1.0
19.333333333,-8.5908344027,18.616111823799997,2.1516645275999977,164.50677226000002,193.46732205,1.0
19.341666667,-8.595594657900001,18.624840883266664,2.1504773511999957,164.51211336666668,193.48305392000003,1.0
19.35,-8.6003554314,18.6335702876,2.1492891372000003,164.51744953333335,193.49877039999996,1.0
19.358333333,-8.605116712,18.64230003,2.1480999090000026,164.52278138,193.51447187999997,1.0
19.366666666999997,-8.6098785116,18.651030119066665,2.1469096437999973,164.52810832666665,193.53015791,1.0
19.375,-8.6146408297,18.65976055313333,2.1457183405999984,164.53343038000003,193.54582851,1.0
19.383333333,-8.6194036658,18.668491332533332,2.144526001399999,164.53874755333334,193.56148369,1.0
19.391666667,-8.6241670051,18.677222448066665,2.1433326567999984,164.54406044666666,193.57712405,1.0
19.400000000000002,-8.6289308615,18.685953907666665,2.142138277000001,164.54936846333334,193.59274903,1.0
19.408333332999998,-8.6336952348,18.69468571186666,2.1409428633999994,164.55467168666667,193.60835860999998,1.0
19.416666666999998,-8.6384601198,18.70341785786666,2.1397464273999987,164.55997006333334,193.62395308000004,1.0
19.425,-8.6432255236,18.712150349066665,2.138548952800001,164.5652636,193.63953204,1.0
19.433333333,-8.6479914395,18.720883181666665,2.137350454,164.57055226,193.65509589,1.0
19.441666667,-8.652757857600001,18.729616349733334,2.1361509517999977,164.57583666666667,193.67064491,1.0
19.45,-8.6575247896,18.738349859733333,2.134950420799999,164.58111624666668,193.68617867,1.0
19.458333333,-8.662292234799999,18.747083711866665,2.133748863400001,164.58639099999996,193.70169719999998,1.0
19.466666667,-8.6670601926,18.755817906399997,2.1325462818,164.59166095,193.71720053999996,1.0
19.475,-8.671828662800001,18.76455244186667,2.131342674399999,164.59692608666666,193.73268866,1.0
19.483333333,-8.6765976297,18.773287308466667,2.1301380736000013,164.60218705,193.74816222000004,1.0
19.491666667,-8.6813671076,18.782022516399998,2.128932451800001,164.60744322666667,193.76362064,1.0
19.5,-8.6861370961,18.790758064066665,2.127725807800001,164.61269461333336,193.77906391000002,1.0
19.508333333,-8.6909075949,18.799493951933332,2.1265181431999984,164.61794122666666,193.79449208000003,1.0
19.516666667,-8.6956786032,18.80823018013333,2.1253094606000005,164.62318313,193.80990513,1.0
19.525000000000002,-8.7004501176,18.81696674506667,2.1240997648000004,164.62842029,193.82530326000003,1.0
19.533333332999998,-8.7052221272,18.82570364013333,2.1228890785999965,164.63365324666668,193.84068689000003,1.0
19.541666666999998,-8.7099946465,18.834440875666665,2.1216773739999972,164.63888143,193.85605539,1.0
19.55,-8.714767672999999,18.843178448666666,2.1204646540000027,164.64410486666665,193.8714089,1.0
19.558333333,-8.719541206299999,18.851916359533334,2.1192509204000025,164.64932358000001,193.88674742999996,1.0
19.566666667,-8.7243152456,18.860654608399997,2.1180361758000004,164.65453757666668,193.902071,1.0
19.575,-8.7290897908,18.869393193866664,2.1168204183999997,164.65974686,193.91737962,1.0
19.583333333,-8.7338648416,18.8781321164,2.115603649799997,164.66495141,193.93267332,1.0
19.591666667,-8.7386403819,18.88687136593333,2.1143859031999988,164.67015189666668,193.94795269999997,1.0
19.6,-8.7434164264,18.89561095093333,2.113167147200002,164.67534772,193.96321719000002,1.0
19.608333333,-8.7481929733,18.904350870866665,2.1119473864000007,164.68053884333335,193.97846689,1.0
19.616666667,-8.752970025,18.913091127999998,2.110726617000001,164.68572524333334,193.99370166999998,1.0
19.625,-8.7577475798,18.921831719866667,2.1095048403999996,164.69090695666668,194.00892160999996,1.0
19.633333333,-8.7625256369,18.930572646599998,2.1082820592000004,164.69608402666668,194.02412671999997,1.0
19.641666667,-8.7673041944,18.9393139076,2.1070582782000002,164.70125642666667,194.03931713,1.0
19.650000000000002,-8.772083239099999,18.94805549273333,2.1058335218000046,164.7064247766667,194.05449329,1.0
19.658333333,-8.7768627843,18.956797411533334,2.1046077644000007,164.71158848666667,194.06965472000002,1.0
19.666666666999998,-8.781642829499999,18.965539664333328,2.1033810079999995,164.71674762,194.08480139999998,1.0
19.675,-8.7864233721,18.974282248066665,2.102153255800001,164.72190206666664,194.09993351,1.0
19.683333333,-8.7912044166,18.983025166399997,2.1009244998000014,164.72705185,194.11505079,1.0
19.691666667,-8.795985959900001,18.991768417933333,2.0996947471999974,164.73219699333333,194.1301534,1.0
19.7,-8.8007680011,19.00051200073333,2.0984639977999997,164.73733759,194.14524135000002,1.0
19.708333333,-8.8055505379,19.00925591393333,2.097232257199998,164.74247353666667,194.16031478000002,1.0
19.716666667,-8.810333574900001,19.018000161266663,2.0959995171999957,164.74760481333334,194.17537345,1.0
19.725,-8.8151171079,19.0267447386,2.0947657842,164.75273151333334,194.19041755,1.0
19.733333333,-8.8199011375,19.035489647,2.093531058,164.7578536,194.20544706000004,1.0
19.741666667,-8.8246856622,19.04423488613333,2.0922953426,164.76297119,194.220462,1.0
19.75,-8.8294706798,19.0529804532,2.0910586404,164.76808415666667,194.23546255999997,1.0
19.758333333,-8.8342561948,19.061726351866668,2.0898209433999995,164.77319250333332,194.25044845000002,1.0
19.766666667,-8.839042204,19.070472580666664,2.088582258999999,164.77829627666668,194.26541984,1.0
19.775000000000002,-8.8438287066,19.079219137733332,2.087342586800002,164.78339549333336,194.28037675000002,1.0
19.783333333,-8.8486157025,19.087966023666667,2.0861019280000015,164.78849022,194.29531917000003,1.0
19.791666666999998,-8.8534031883,19.096713236866663,2.084860290399998,164.79358037666665,194.31024731,1.0
19.8,-8.8581911687,19.10546077913333,2.083617662600002,164.7986659533333,194.32516090000001,1.0
19.808333333,-8.862979641099999,19.1142086494,2.082374050800002,164.80374698333333,194.34006007000002,1.0
19.816666667,-8.8677686045,19.122956847666664,2.0811294579999995,164.80882348666668,194.35494484999998,1.0
19.825,-8.8725580588,19.131705372533332,2.0798838824000008,164.8138954566667,194.36981525000002,1.0
19.833333333,-8.8773480031,19.140454224066666,2.078637326799999,164.81896290666666,194.38467131000002,1.0
19.841666667,-8.8821384373,19.149203402866664,2.077389792399998,164.82402584666667,194.39951302999998,1.0
19.85,-8.8869293604,19.157952906933332,2.0761412792000016,164.82908436,194.41434042,1.0
19.858333333,-8.8917207688,19.166702734533335,2.0748917953999992,164.83413847666665,194.42915365999997,1.0
19.866666667,-8.896512664500001,19.175452887666665,2.073641337999998,164.83918798666667,194.44395271999997,1.0
19.875,-8.9013050522,19.184203368133332,2.0723898956000006,164.84423293999998,194.4587373,1.0
19.883333333,-8.9060979269,19.192954173266664,2.071137479200001,164.84927342333333,194.47350766,1.0
19.891666667,-8.9108912883,19.20170530353333,2.0698840903999987,164.85430949666667,194.48826377,1.0
19.900000000000002,-8.9156851332,19.210456755466666,2.0686297336000017,164.85934108666666,194.50300583,1.0
19.908333333,-8.9204794663,19.219208532866666,2.067374400400002,164.86436817666666,194.51773357999997,1.0
19.916666666999998,-8.9252742845,19.227960634333332,2.066118097999997,164.86939081,194.53244717999996,1.0
19.925,-8.9300695876,19.2367130584,2.0648608248,164.87440899333333,194.54714661999998,1.0
19.933333333,-8.934865375000001,19.245465805333332,2.063602582999998,164.87942272666666,194.56183192999998,1.0
19.941666667,-8.939661646,19.25421887533333,2.062343375000001,164.88443202333335,194.57650315,1.0
19.950000000000003,-8.9444584002,19.2629722668,2.0610831996000023,164.88943693333331,194.59116025000003,1.0
19.958333333,-8.9492556354,19.271725978933333,2.0598220621999985,164.89443742,194.60580338999998,1.0
19.966666667,-8.954053354200001,19.28048001413333,2.0585599585999965,164.89943346666666,194.62043239999997,1.0
19.975,-8.9588515549,19.289234369933332,2.0572968902,164.90442518,194.63504733000002,1.0
19.983333333,-8.9636502336,19.297989044399998,2.0560328658000024,164.90941246,194.64964845000003,1.0
19.991666667,-8.968449396,19.306744042,2.0547678749999996,164.9143953,194.66423541,1.0
20.0,-8.973249038599999,19.315499359066663,2.0535019228000024,164.91937374666668,194.67880841,1.0
20.008333333,-8.9780491612,19.324254996133334,2.0522350106000005,164.92434780333335,194.69336743,1.0
20.016666667,-8.9828497625,19.333010953,2.0509671419999975,164.92931750333332,194.70791254,1.0
20.025000000000002,-8.9876508426,19.341767228400002,2.0496983148000005,164.93428283,194.72244372,1.0
20.033333333,-8.9924524009,19.3505238226,2.0484285312000026,164.93924379999999,194.73696099,1.0
20.041666666999998,-8.9972544371,19.359280736066665,2.0471577927999967,164.94420039666667,194.75146438999997,1.0
20.05,-9.0020569504,19.368037966933333,2.0458860992000005,164.94915264666665,194.76595390999998,1.0
20.058333333,-9.0068599409,19.37679551593333,2.0446134512,164.95410054666664,194.78042957,1.0
20.066666667,-9.0116634077,19.38555338313333,2.043339851599999,164.9590441233333,194.79489139000003,1.0
20.075000000000003,-9.016467349100001,19.39431156606667,2.042065301800001,164.96398336333334,194.80933948,1.0
20.083333333,-9.0212717667,19.403070066466665,2.040789799599999,164.96891826333334,194.82377370999998,1.0
20.091666667,-9.026076659300001,19.4118288842,2.0395133483999963,164.97384884333334,194.83819416999998,1.0
20.1,-9.0308820262,19.420588017466667,2.0382359476000005,164.97877516000003,194.85260085,1.0
20.108333333,-9.0356878647,19.429347465133333,2.036957603600001,164.98369714666669,194.86699391000002,1.0
20.116666667,-9.0404941787,19.438107230466663,2.0356783096000015,164.98861480000002,194.88137315999998,1.0
20.125,-9.0453009655,19.44686731033333,2.0343980690000016,164.99352816666666,194.89573871,1.0
20.133333333,-9.050108225,19.45562770533333,2.033116882999998,164.99843722666665,194.91009056000001,1.0
20.141666667,-9.0549159563,19.46438841553333,2.0318347543999984,165.00334200999998,194.92442874,1.0
20.150000000000002,-9.0597241593,19.473149439533334,2.030551681400002,165.00824250000002,194.93875326,1.0
20.158333333,-9.064532833,19.481910777333333,2.0292676670000027,165.0131387333333,194.95306417,1.0
20.166666667,-9.069341977,19.490672429333333,2.027982713,165.01803079,194.96736144,1.0
20.175,-9.074151587900001,19.499434391933335,2.0266968241999983,165.02291855,194.98164527999995,1.0
20.183333333,-9.0789616713,19.508196669533334,2.0254099904,165.02780201000002,194.99591541,1.0
20.191666667,-9.083772224,19.516959260666667,2.024122218999999,165.03268121,195.01017198,1.0
20.200000000000003,-9.088583244999999,19.525722163333334,2.022833510000005,165.03755622,195.02441499000003,1.0
20.208333333,-9.0933947326,19.534485377066666,2.0215438677999984,165.04242705000001,195.03864453,1.0
20.216666667,-9.098206686800001,19.543248902533332,2.020253293399996,165.04729359666666,195.05286064999996,1.0
20.225,-9.1030191109,19.5520127406,2.0189617782000013,165.05215592333334,195.06706312,1.0
20.233333333,-9.1078319991,19.560776888066666,2.0176693348000008,165.05701405333335,195.08125224999998,1.0
20.241666667,-9.1126453543,19.56954134753333,2.016375958400001,165.06186793666666,195.09542789,1.0
20.25,-9.117459176299999,19.57830611753333,2.0150816474000024,165.06671763,195.10959003,1.0
20.258333333,-9.1222734626,19.587071197066667,2.013786407799998,165.07156309,195.12373881000002,1.0
20.266666667,-9.1270882146,19.59583658773333,2.012490237799998,165.07640435666667,195.13787414,1.0
20.275000000000002,-9.1319034307,19.604602287133332,2.011193138600003,165.08124143666666,195.15199610000002,1.0
20.283333333,-9.1367191106,19.61336829573333,2.0098951118000024,165.08607433999998,195.16610469,1.0
20.291666667,-9.1415352542,19.622134614133333,2.0085961585999996,165.09090310333332,195.1801999,1.0
20.3,-9.1463518579,19.630901238599996,2.0072962842000024,165.0957277,195.19428192,1.0
20.308333333,-9.1511689262,19.6396681728,2.0059954805999993,165.10054809333332,195.20835052,1.0
20.316666667,-9.155986456499999,19.648435415666665,2.0046937540000016,165.10536432666666,195.22240583,1.0
20.325,-9.1608044479,19.657202965266666,2.0033911041999986,165.11017647666668,195.23644784,1.0
20.333333333,-9.1656228975,19.66597082033333,2.002087537999998,165.11498447,195.25047674999996,1.0
20.341666667,-9.1704418104,19.67473898493333,2.0007830461999987,165.11978827333334,195.26449228,1.0
20.349999999999998,-9.1752611832,19.683507455466664,1.999477633599998,165.12458798333333,195.27849457000002,1.0
20.358333333,-9.1800810144,19.692276231599998,1.9981713041999996,165.12938353666667,195.29248373000001,1.0
20.366666667,-9.1849013054,19.70104531493333,1.9968640561999997,165.13417497333333,195.30645963999996,1.0
20.375,-9.189722054799999,19.7098147032,1.9955558904000021,165.13896229000002,195.32042241,1.0
20.383333333,-9.1945432632,19.718584397466664,1.9942468065999996,165.14374548,195.33437196,1.0
20.391666667,-9.199364928500001,19.727354397,1.9929368099999962,165.14852458,195.34830843000003,1.0
20.4,-9.2041870506,19.736124700399998,1.9916258987999989,165.15329960333335,195.36223177000002,1.0
20.408333333,-9.209009629799999,19.744895308533334,1.990314073400004,165.15807051666667,195.37614200000002,1.0
20.416666667,-9.2138326655,19.753666221666666,1.9890013360000012,165.16283733,195.39003911999998,1.0
20.424999999999997,-9.2186561567,19.762437437799996,1.9876876865999975,165.16760006666667,195.4039232,1.0
20.433333333,-9.223480103,19.771208957333332,1.9863731270000002,165.17235874000002,195.41779422000002,1.0
20.441666667,-9.2283045039,19.7799807806,1.9850576591999989,165.17711336333335,195.43165222,1.0
20.45,-9.2331293591,19.788752906066666,1.9837412818000004,165.18186394333335,195.44549719,1.0
20.458333333,-9.2379546671,19.797525333399996,1.982423998799998,165.18661045333332,195.45932922999998,1.0
20.466666667,-9.2427804295,19.806298064333333,1.9811058079999988,165.19135289666667,195.47314823000002,1.0
20.474999999999998,-9.2476066448,19.81507109653333,1.979786710399999,165.19609130666666,195.48695426,1.0
20.483333333,-9.2524333124,19.823844430266668,1.9784667081999991,165.20082567666668,195.50074736,1.0
20.491666667,-9.2572604322,19.832618066133335,1.977145802599999,165.20555606333335,195.51452748999998,1.0
20.5,-9.2620880013,19.841392000866666,1.9758239973999991,165.21028239666668,195.52829483,1.0
20.508333333,-9.2669160239,19.85016623793333,1.9745012851999988,165.21500467,195.54204918,1.0
20.516666667,-9.2717444968,19.858940775866664,1.9731776733999986,165.21972293666667,195.55579064,1.0
20.525,-9.2765734201,19.867715613399998,1.9718531597999984,165.22443718333332,195.56951923,1.0
20.533333333,-9.2814027926,19.8764907504,1.970527747800002,165.22914745333335,195.58323499,1.0
20.541666667,-9.2862326143,19.885266187533333,1.9692014384000025,165.23385377,195.59693789999997,1.0
20.549999999999997,-9.2910628826,19.894041921733333,1.9678742347999965,165.23855607,195.61062813,1.0
20.558333333,-9.2958936012,19.902817956133333,1.9665461306000012,165.24325436333334,195.62430546999997,1.0
20.566666667,-9.3007247675,19.911594289666667,1.9652171319999994,165.24794877,195.63796997999998,1.0
20.575,-9.3055563775,19.920370918333333,1.9638872449999987,165.25263916666668,195.65162195,1.0
20.583333333000002,-9.310388438099999,19.9291478474,1.9625564568000051,165.25732553,195.66526101,1.0
20.591666667,-9.3152209454,19.937925074933332,1.9612247761999981,165.26200792333333,195.67888732,1.0
20.599999999999998,-9.320053898600001,19.946702599066665,1.9598922027999954,165.26668636666668,195.69250091000004,1.0
20.608333333,-9.3248872973,19.955480420199997,1.9585587384000007,165.27136085333333,195.70610182,1.0
20.616666667,-9.3297211408,19.964258538533333,1.9572243854,165.27603148333333,195.71969002,1.0
20.625,-9.334555426,19.973036950666668,1.9558891480000007,165.28069812666666,195.73326575000004,1.0
20.633333333,-9.3393901583,19.981815660866665,1.9545530163999985,165.28536080333333,195.74682867999996,1.0
20.641666667,-9.344225334,19.990594667333333,1.9532159989999975,165.29001956333332,195.76037899,1.0
20.65,-9.349060953299999,19.999373968866664,1.9518780934000013,165.29467437666668,195.77391668,1.0
20.658333333,-9.3538970153,20.008153565533334,1.9505393024000028,165.29932527333332,195.78744178,1.0
20.666666667,-9.358733519400001,20.0169334576,1.9491996281999988,165.30397226666668,195.8009543,1.0
20.674999999999997,-9.363570465899999,20.02571364393333,1.9478590681999997,165.30861533666666,195.81445423999998,1.0
20.683333333,-9.368407853299999,20.0344941242,1.9465176264000021,165.31325452333334,195.82794166000002,1.0
20.691666667,-9.373245682299999,20.04327489953333,1.9451753024000027,165.3178897933333,195.84141652,1.0
20.7,-9.378083951099999,20.052055967399998,1.9438320978000014,165.3225211933333,195.8548789,1.0
20.708333333000002,-9.38292266,20.06083732866667,1.942488013000002,165.3271487066667,195.86832878,1.0
20.716666667,-9.3877618088,20.069618983866665,1.9411430493999973,165.33177233666666,195.88176617,1.0
20.724999999999998,-9.3926013964,20.07840093093333,1.939797207199998,165.33639209666669,195.89519110999998,1.0
20.733333333,-9.397441423,20.087183170666666,1.9384504870000008,165.34100798333333,195.90860359000004,1.0
20.741666667,-9.402281887600001,20.095965703066668,1.9371028917999986,165.34562005666666,195.92200364,1.0
20.75,-9.4071227884,20.1047485256,1.9357544231999988,165.35022831333333,195.93539134000002,1.0
20.758333333,-9.411964125999999,20.11353163933333,1.9344050810000013,165.35483267333333,195.94876669,1.0
20.766666667,-9.4168059023,20.1223150462,1.9330548623999988,165.3594331666667,195.96212957000003,1.0
20.775,-9.4216481148,20.1310987432,1.9317037703999986,165.36402982333334,195.9754801,1.0
20.783333333,-9.4264907636,20.139882731066667,1.9303518058000009,165.36862272,195.98881824,1.0
20.791666667,-9.4313338448,20.148667007866667,1.9289989774000027,165.37321183333333,196.00214418999997,1.0
20.8,-9.436177361,20.157451574,1.927645278,165.37779704333335,196.01545785999997,1.0
20.808333333,-9.441021314799999,20.166236431866665,1.926290703400003,165.38237845666666,196.02875905999997,1.0
20.816666667,-9.4458657005,20.175021578333332,1.9249352659999985,165.38695609333334,196.04204808999998,1.0
20.825,-9.45071052,20.18380701333333,1.9235789600000004,165.39152986,196.05532488,1.0
20.833333333000002,-9.455555775,20.19259273866667,1.9222217830000012,165.39609979666665,196.06858931,1.0
20.841666667,-9.4604014628,20.201378753199997,1.920863741399998,165.40066594000004,196.08184149000002,1.0
20.849999999999998,-9.4652475832,20.210165055466664,1.9195048335999978,165.40522832,196.09508145,1.0
20.858333333,-9.470094134,20.218951644666667,1.918145065000001,165.40978693333332,196.10830927,1.0
20.866666667,-9.4749411168,20.227738522533333,1.9167844334000002,165.41434173000002,196.12152489000002,1.0
20.875,-9.4797885313,20.236525687533334,1.915422937399999,165.41889275333332,196.13472831999997,1.0
20.883333333,-9.4846363768,20.245313139866667,1.914060579400001,165.42344005000004,196.14791955,1.0
20.891666667,-9.4894846499,20.254100877933332,1.9126973671999998,165.42798357,196.16109878999998,1.0
20.9,-9.4943333553,20.26288890353333,1.9113332893999981,165.43252329666666,196.17426578,1.0
20.908333333,-9.4991824897,20.271677215133334,1.9099683536,165.43705927,196.18742067,1.0
20.916666667,-9.5040320532,20.280465813466666,1.908602560600002,165.44159149333333,196.20056347,1.0
20.925,-9.508882045,20.289254696666667,1.9072359100000007,165.44611998333332,196.21369420000002,1.0
20.933333333,-9.5137324649,20.298043865266667,1.9058684031999995,165.45064472666667,196.22681285,1.0
20.941666667,-9.5185833119,20.306833319266666,1.9045000431999988,165.45516575666667,196.23991949,1.0
20.95,-9.5234345862,20.315623057466667,1.9031308275999983,165.45968306,196.25301408,1.0
20.958333333000002,-9.5282862869,20.324413079933336,1.9017607592000019,165.46419664666666,196.26609667999998,1.0
20.966666667,-9.5331384143,20.33320338753333,1.9003898383999989,165.46870650666668,196.27916726,1.0
20.974999999999998,-9.537990966899999,20.34199397793333,1.8990180662,165.47321266999998,196.29222588000002,1.0
20.983333333,-9.5428439452,20.350784852133334,1.8976454426000018,165.47771512,196.30527252000002,1.0
20.991666667,-9.5476973485,20.35957601033333,1.8962719700000008,165.48221393999998,196.31830718999998,1.0
21.0,-9.5525511728,20.368367448533334,1.8948976544000011,165.48670906333334,196.33133011,1.0
21.008333333,-9.557405424199999,20.377159171466666,1.8935224846000018,165.49120043666667,196.34434096999996,1.0
21.016666667,-9.562260099100001,20.3859511774,1.8921464687999965,165.49568814333335,196.35733993,1.0
21.025,-9.567115197000001,20.394743464666664,1.8907696059999957,165.50017216666666,196.370327,1.0
21.033333333,-9.571970718,20.403536034,1.889391897000003,165.50465260000001,196.38330216000003,1.0
21.041666667,-9.5768266576,20.412328883066667,1.8880133518000015,165.5091294,196.39626564000002,1.0
21.05,-9.5816830198,20.421122013199998,1.886633960400001,165.51360252666666,196.40921726,1.0
21.058333333,-9.586539803700001,20.429915424466664,1.8852537255999984,165.51807193,196.42215705,1.0
21.066666667,-9.591397011,20.438709118666665,1.8838726450000003,165.52253772333333,196.4350849,1.0
21.075,-9.5962546355,20.44750309033333,1.8824907290000006,165.5269999,196.44800112000001,1.0
21.083333333000002,-9.6011126813,20.456297342866666,1.8811079704000022,165.53145836666667,196.46090551999998,1.0
21.091666667000002,-9.6059711486,20.46509187706667,1.8797243698000017,165.53591317333334,196.47379807,1.0
21.099999999999998,-9.6108300355,20.47388669033333,1.8783399289999991,165.54036437000002,196.48667886,1.0
21.108333333,-9.615689339400001,20.4826817816,1.8769546541999986,165.54481195333332,196.49954799999998,1.0
21.116666667,-9.6205490633,20.49147715353333,1.8755685403999998,165.54925595666666,196.51240532000003,1.0
21.125,-9.625409202,20.50027280133333,1.8741815959999997,165.55369635000002,196.52525112,1.0
21.133333333,-9.6302697596,20.5090687284,1.8727938137999978,165.55813309333334,196.53808516,1.0
21.141666667,-9.635130736,20.517864935333332,1.8714051949999977,165.56256625,196.55090745,1.0
21.15,-9.639992127200001,20.526661418133333,1.8700157455999964,165.56699577666666,196.56371818999997,1.0
21.158333333,-9.6448539365,20.535458179666666,1.8686254600000005,165.57142168333334,196.5765172,1.0
21.166666667,-9.6497161614,20.544255218933333,1.8672343442,165.57584401666665,196.58930458999998,1.0
21.175,-9.654578801700001,20.553052534466666,1.865842396599998,165.5802627966667,196.60208035999997,1.0
21.183333333,-9.659441855599999,20.561850125733333,1.8644496218000022,165.58467798666666,196.61484461,1.0
21.191666667,-9.664305325499999,20.570647994999998,1.8630560160000016,165.58908960333335,196.62759721000003,1.0
21.2,-9.6691692081,20.57944613873333,1.8616615838000001,165.59349765,196.64033832,1.0
21.208333333000002,-9.6740335055,20.588244559000003,1.860266322000001,165.59790218333333,196.65306780999998,1.0
21.216666667000002,-9.6788982138,20.597043253866666,1.8588702394000016,165.60230319666667,196.66578586999998,1.0
21.224999999999998,-9.6837633347,20.60584222313333,1.8574733305999978,165.60670059333333,196.67849245000002,1.0
21.233333333,-9.6886288704,20.614641468933332,1.8560755921999998,165.61109440666667,196.69118741,1.0
21.241666667,-9.693494818,20.62344099,1.8546770310000014,165.61548469333334,196.70387088999996,1.0
21.25,-9.6983611777,20.632240785133334,1.8532776445999986,165.61987141666668,196.71654287,1.0
21.258333333000003,-9.703227948,20.641040854,1.8518774370000024,165.62425462000002,196.72920341999998,1.0
21.266666667,-9.7080951292,20.649841197466664,1.8504764085999987,165.62863430333334,196.74185250999997,1.0
21.275,-9.7129627208,20.658641813866666,1.8490745583999981,165.63301045,196.75449017999998,1.0
21.283333333,-9.717830722,20.667442703333336,1.8476718890000008,165.63738308333336,196.76711644000002,1.0
21.291666667,-9.7226991328,20.676243866533333,1.8462684013999997,165.64175221333332,196.77973129000003,1.0
21.3,-9.7275679523,20.685045301533332,1.844864095400002,165.64611784,196.79233478999998,1.0
21.308333333,-9.7324371802,20.6938470088,1.8434589726000006,165.65047997666667,196.80492692,1.0
21.316666667,-9.7373068162,20.7026489888,1.8420530345999993,165.65483862,196.8175077,1.0
21.325,-9.742176860199999,20.711451240133332,1.8406462796000014,165.65919383666667,196.83007708999997,1.0
21.333333333000002,-9.747047308299999,20.72025376086667,1.8392387164000041,165.66354553666667,196.84263535999997,1.0
21.341666667000002,-9.7519181665,20.729056555666666,1.837830334000003,165.6678937133333,196.85518216000003,1.0
21.349999999999998,-9.7567894312,20.7378596208,1.8364211375999986,165.67223847,196.86771765000003,1.0
21.358333333,-9.7616610992,20.7466629548,1.835011134600002,165.67657974666668,196.88024201,1.0
21.366666667,-9.7665331754,20.7554665616,1.8336003162000019,165.68091757,196.89275496,1.0
21.375,-9.771405654699999,20.764270436466663,1.8321886906000024,165.68525197,196.90525677,1.0
21.383333333000003,-9.7762785384,20.773074580933333,1.8307762562000036,165.68958285666668,196.91774738,1.0
21.391666667,-9.7811518288,20.7818789972,1.829363009399998,165.69391027,196.93022666999997,1.0
21.4,-9.7860255232,20.79068368213333,1.8279489536,165.69823422666664,196.94269475,1.0
21.408333332999998,-9.790899621300001,20.7994886362,1.8265340903999956,165.7025547433333,196.95515164000003,1.0
21.416666667,-9.7957741224,20.8082938596,1.8251184222000028,165.70687182666668,196.96759736,1.0
21.425,-9.8006490262,20.8170993508,1.8237019476,165.71118548666666,196.98003190999998,1.0
21.433333333,-9.805524332300001,20.8259051102,1.8222846683999983,165.71549571333333,196.99245532000003,1.0
21.441666667,-9.8104000409,20.8347111386,1.820866585200001,165.71980252999998,197.00486757,1.0
21.45,-9.815276149,20.843517432666665,1.819447701999998,165.72410593333333,197.01726879999998,1.0
21.458333333,-9.8201526598,20.8523239952,1.8180280133999993,165.72840591333335,197.02965885999998,1.0
21.466666667000002,-9.8250295714,20.8611308256,1.816607524200002,165.73270247000002,197.04203781,1.0
21.475,-9.8300747773,20.87004985153333,1.8148504454000012,165.73449289333334,197.04638980000004,1.0
21.483333332999997,-9.8351978621,20.87902079673333,1.8129376087999987,165.73508189999998,197.04704007000004,1.0
21.491666667,-9.8403211032,20.8879918468,1.8110244605999988,165.73566960333332,197.04768246999998,1.0
21.5,-9.8454442974,20.896962864933332,1.8091114051999995,165.7362590066667,197.04832673,1.0
21.508333333,-9.8505674869,20.905933879933333,1.807198359200001,165.7368485766667,197.04897115999998,1.0
21.516666667,-9.8556906213,20.914904858866667,1.8052854243999974,165.73744013666666,197.04961778,1.0
21.525,-9.8608137107,20.92387580713333,1.8033725785999977,165.73803332333333,197.05026615999998,1.0
21.533333332999998,-9.8659366893,20.93284668153333,1.8014599543999985,165.73863053333335,197.05091893000002,1.0
21.541666667,-9.8710595988,20.941817510533333,1.7995474694000002,165.73923023,197.05157445000003,1.0
21.55,-9.8761824547,20.950788303133333,1.7976350906,165.7398319333333,197.05223206,1.0
21.558333333,-9.8813052316,20.95975904306667,1.7957228697999987,165.74043638,197.05289282999996,1.0
21.566666667,-9.8864278775,20.96872969633333,1.7938109120000014,165.74104572000002,197.05355873999997,1.0
21.575,-9.8915504225,20.977700281666664,1.7918991549999994,165.74165858333333,197.05422871,1.0
21.583333333,-9.8966728147,20.986670765133333,1.7899877035999978,165.74227700333333,197.05490472999998,1.0
21.591666667000002,-9.9017950512,20.995641145466667,1.7880765646000008,165.74290111,197.05558689000003,1.0
21.6,-9.9069170887,21.004611392466664,1.786165822600001,165.74353248666668,197.05627694000003,1.0
21.608333332999997,-9.9120389204,21.013581502266664,1.7842554921999962,165.74417122666665,197.05697519,1.0
21.616666667,-9.9171603838,21.0225513672,1.7823458993999992,165.74482341,197.05768803,1.0
21.625,-9.9222814543,21.031520969533332,1.7804370913999996,165.74548985333334,197.05841647,1.0
21.633333333,-9.9274011715,21.040489669666663,1.7785309900000001,165.74620552,197.05919862,1.0
21.641666667,-9.9325173754,21.049456028266665,1.7766319161999995,165.74704895333335,197.06012029000001,1.0
21.65,-9.9376280833,21.058418722199995,1.7747438333999987,165.74782310333333,197.06136091000002,1.0
21.658333332999998,-9.9427516736,21.067390004399996,1.7728299857999978,165.7483976,197.06198987999997,1.0
21.666666667,-9.947875272,21.076361292666665,1.7709161230000028,165.74897248,197.06261825999997,1.0
21.675,-9.9529988518,21.085332567866665,1.7690022964,165.74954802333332,197.06324737,1.0
21.683333333,-9.9581223974,21.094303820266667,1.7670885381999994,165.75012480666666,197.06387782999997,1.0
21.691666667,-9.963245917,21.103275056,1.7651748329999997,165.75070252,197.06450931,1.0
21.7,-9.9683694152,21.112246276799997,1.7632611695999998,165.75128099999998,197.06514162000002,1.0
21.708333333,-9.973492884899999,21.121217478599995,1.761347563200001,165.75186059,197.06577503999998,1.0
21.716666667000002,-9.9786163168,21.130188655866668,1.7594340334000016,165.75244141666664,197.06640998,1.0
21.725,-9.9837397309,21.1391598206,1.7575205382000014,165.75302289333334,197.06704561000004,1.0
21.733333332999997,-9.988863101,21.148130955999996,1.7556071309999979,165.75360600000002,197.06768297999997,1.0
21.741666667,-9.9939864321,21.157102066066663,1.7536938028000009,165.75419050666667,197.06832188,1.0
21.75,-9.999109728499999,21.166073152333333,1.7517805430000024,165.75477626,197.06896214999998,1.0
21.758333333,-10.00423297,21.175044202,1.7498673929999988,165.75536399333333,197.06960457999998,1.0
21.766666667000003,-10.009356165,21.184015221333333,1.747954337000003,165.75595343666666,197.07024887,1.0
21.775,-10.014479354,21.192986236,1.7460412919999975,165.75654304333335,197.07089335,1.0
21.783333332999998,-10.019602489,21.201957214666663,1.7441283549999973,165.75713466666664,197.07153998,1.0
21.791666667,-10.024725530000001,21.210928131333333,1.7422156069999986,165.75772963,197.07219035999998,1.0
21.8,-10.029848509,21.219899006,1.7403029819999993,165.75832687666664,197.07284317999998,1.0
21.808333333,-10.034971419,21.228869834666668,1.7383904950000009,165.75892666666667,197.07349870999997,1.0
21.816666667,-10.040094272,21.237840625999997,1.7364781230000013,165.75952840333335,197.07415651000002,1.0
21.825,-10.045217051,21.24681136733333,1.7345658979999996,165.76013292666667,197.07481721,1.0
21.833333333,-10.050339694,21.255782017999998,1.7326539449999991,165.76074227666666,197.07548333,1.0
21.841666667000002,-10.055462243000001,21.26475260666667,1.730742181,165.76135509000002,197.07615318,1.0
21.85,-10.060584636,21.273723090666667,1.728830728000002,165.76197355333332,197.07682917999998,1.0
21.858333332999997,-10.065706873,21.282693470666665,1.7269195869999976,165.76259770000001,197.0775114,1.0
21.866666667,-10.07082891,21.291663718,1.7250088470000016,165.76322919,197.07820149000003,1.0
21.875,-10.075950739,21.300633826,1.7230985220000008,165.76386803,197.07889991999997,1.0
21.883333333,-10.081072202,21.309603689999996,1.7211889290000002,165.76452026666666,197.07961282999997,1.0
21.891666667000003,-10.086193282,21.318573299333334,1.7192801030000027,165.76518651,197.08034093999999,1.0
21.9,-10.091313006,21.327542003999998,1.7173739879999985,165.76590190666667,197.08112290999998,1.0
21.908333332999998,-10.09642921,21.336508361999996,1.7154749129999978,165.76674540666667,197.08204462999998,1.0
21.916666667,-10.101539918,21.345471056666668,1.7135868310000006,165.76751962333333,197.08328536,1.0
21.925,-10.106663508999999,21.354442339333332,1.7116729820000032,165.76809415333332,197.08391437,1.0
21.933333333,-10.111787107,21.363413626666663,1.709759119000001,165.76866914666667,197.08454275999998,1.0
21.941666667,-10.116910682999999,21.3723849,1.7078453010000025,165.76924481,197.08517210999997,1.0
21.95,-10.122034229,21.381356152666662,1.7059315419999983,165.76982166333335,197.0858026,1.0
21.958333333,-10.127157747,21.390327386666662,1.7040178389999987,165.77039944333333,197.08643419,1.0
21.966666667000002,-10.132281245,21.399298608,1.7021041770000025,165.77097803,197.08706655,1.0
21.975,-10.137404712,21.408269808,1.7001905760000007,165.77155762666666,197.08770016999998,1.0
21.983333332999997,-10.142528147,21.417240986666663,1.698277038999997,165.77213841666665,197.08833500000003,1.0
21.991666667,-10.147651563,21.42621215333333,1.6963635410000002,165.77271992666667,197.08897064,1.0
22.0,-10.152774934,21.43518328933333,1.694450132,165.77330306666667,197.08960796,1.0
22.008333333,-10.157898263,21.444154397333335,1.6925368069999998,165.7738877266667,197.09024699000003,1.0
22.016666667000003,-10.163021556,21.453125481999997,1.690623555000002,165.77447358000003,197.09088747,1.0
22.025,-10.168144788,21.46209652533333,1.688710424,165.77506175,197.09153031000002,1.0
22.033333332999998,-10.173267981,21.471067542666663,1.6867973709999973,165.77565127,197.09217477,1.0
22.041666667,-10.178391128,21.48003853,1.6848844110000023,165.77624246,197.09282097,1.0
22.05,-10.183514218000001,21.489009478666667,1.682971563999999,165.77683582333333,197.09346942999997,1.0
22.058333333,-10.188637256,21.497980392666665,1.6810588210000006,165.77743090666664,197.09411996,1.0
22.066666667,-10.193760233,21.506951266666665,1.6791462009999982,165.77802821333333,197.0947729,1.0
22.075,-10.198883142,21.515922094666667,1.677233716,165.77862806,197.09542856999997,1.0
22.083333333,-10.204005994,21.524892884666663,1.6753213450000004,165.77922991,197.09608641,1.0
22.091666667000002,-10.209128774,21.533863627333336,1.6734091190000022,165.77983440333333,197.09674717,1.0
22.1,-10.214251421,21.542834280666668,1.671497158000001,165.78044376333332,197.09741314,1.0
22.108333333,-10.219373894,21.551804818,1.6695855450000003,165.78105934333334,197.09808607000002,1.0
22.116666667,-10.224496287,21.560775302666663,1.6676740930000022,165.78167786000003,197.09876214,1.0
22.125,-10.229618524000001,21.569745682666667,1.665762951999998,165.78230205999998,197.09944443,1.0
22.133333333,-10.234740557999999,21.578715927333327,1.6638522170000023,165.78293369666665,197.10013468999998,1.0
22.141666667000003,-10.239862275,21.587685961333335,1.6619421170000024,165.78357666333332,197.10083761000004,1.0
22.15,-10.244983744999999,21.596655829999996,1.6600325100000006,165.78422876666667,197.10155027000002,1.0
22.158333332999998,-10.250104668,21.605625334,1.658123996999997,165.78490066,197.10228471,1.0
22.166666667,-10.255223961,21.614593751999998,1.6562187450000003,165.78563182666667,197.10308383999998,1.0
22.175,-10.260339777999999,21.623559852,1.6543204440000032,165.78648943,197.10402099,1.0
22.183333333,-10.265450484999999,21.63252254533333,1.6524323630000026,165.78726374,197.10526188,1.0
22.191666667,-10.270574075999999,21.64149382866666,1.6505185150000017,165.78783831333334,197.10589093,1.0
22.2,-10.275697662999999,21.650465108666666,1.6486046740000013,165.78841373999998,197.10651987,1.0
22.208333333,-10.280821241,21.659436382666662,1.646690850999999,165.78898940000002,197.10714915,1.0
22.216666667000002,-10.285944787,21.668407636,1.6447770930000019,165.78956631333332,197.10777966999996,1.0
22.225,-10.291068304000001,21.67737886933333,1.6428633919999989,165.79014414,197.10841134000003,1.0
22.233333333,-10.296191802000001,21.686350089999998,1.640949728999999,165.7907227466667,197.10904376,1.0
22.241666667,-10.301315271,21.695321291999996,1.6390361250000005,165.79130242,197.10967731,1.0
22.25,-10.306438695,21.70429246333333,1.6371226099999987,165.79188360333333,197.11031269,1.0
22.258333333,-10.311562079,21.713263608,1.635209175,165.79246631,197.11094960999998,1.0
22.266666667000003,-10.316685451,21.72223474533333,1.6332957650000033,165.79304946000002,197.11158699,1.0
22.275,-10.32180878,21.73120585333333,1.6313824399999994,165.79363408666666,197.11222607,1.0
22.283333332999998,-10.326932073,21.74017693733333,1.629469186999998,165.7942201,197.11286658,1.0
22.291666667,-10.332055304,21.749147980666667,1.6275560589999998,165.79480829000002,197.11350954000002,1.0
22.3,-10.337178498,21.758118998666664,1.6256430040000005,165.79539782333333,197.11415395,1.0
22.308333333,-10.342301645000001,21.76708998533333,1.6237300429999983,165.79598912666665,197.11480018999998,1.0
22.316666667,-10.34742473,21.776060931333333,1.6218172069999994,165.79658257666668,197.11544894000002,1.0
22.325,-10.352547772,21.785031847999996,1.6199044560000004,165.79717759333334,197.11609933,1.0
22.333333333,-10.357670734000001,21.794002711333334,1.617991864999997,165.79777557333333,197.11675291,1.0
22.341666667000002,-10.362793641,21.802973538666667,1.6160793850000026,165.79837555666666,197.11740869000002,1.0
22.35,-10.367916495,21.811944329999996,1.6141670100000027,165.79897737666667,197.11806656,1.0
22.358333333,-10.37303921,21.820915028666665,1.612254913000001,165.79958423666667,197.11872991999996,1.0
22.366666666999997,-10.378161846000001,21.829885675333333,1.6103429749999947,165.80019404666666,197.11939639999997,1.0
22.375,-10.383284318,21.838856212,1.6084313640000012,165.80080969,197.12006939999998,1.0
22.383333333,-10.388406716,21.847826699333332,1.6065199009999986,165.8014281333333,197.12074528,1.0
22.391666667,-10.393528934,21.856797067333332,1.6046087989999975,165.80205306333335,197.12142835,1.0
22.400000000000002,-10.398650859,21.865767239333337,1.6026982820000022,165.80268857666667,197.12212309999998,1.0
22.408333332999998,-10.403772554,21.874737258,1.6007882249999987,165.80333252,197.12282688,1.0
22.416666666999998,-10.408893891,21.883707038666664,1.5988788849999978,165.80398940333333,197.12354494,1.0
22.425,-10.414014785,21.892676523333336,1.596970429999999,165.80466241666667,197.12428055,1.0
22.433333333,-10.419134095,21.901644951999998,1.5950651429999994,165.80539304666667,197.12507905999996,1.0
22.441666667,-10.424249080000001,21.910610498,1.593168506999998,165.80628102,197.12604933,1.0
22.45,-10.429359759999999,21.919573173333333,1.5912804800000018,165.8070563866667,197.12729147,1.0
22.458333333,-10.434483350999999,21.928544455999997,1.5893666310000008,165.80763107333334,197.12792056,1.0
22.466666667,-10.439606933999999,21.937515733999994,1.5874527990000011,165.80820657666666,197.1285497,1.0
22.475,-10.444730489,21.946486992666667,1.5855390220000025,165.80878323333334,197.12917993,1.0
22.483333333,-10.449854033,21.955458244,1.5836252670000022,165.80936016666666,197.12981056999996,1.0
22.491666666999997,-10.454977549999999,21.964429478,1.5817115669999993,165.80993806333333,197.13044233000002,1.0
22.5,-10.460101019,21.97340067933333,1.5797979620000007,165.81051772,197.13107592000003,1.0
22.508333333,-10.465224490999999,21.982371882666662,1.5778843510000016,165.81109730666665,197.13170945000002,1.0
22.516666667,-10.470347918,21.991343056666665,1.5759708309999994,165.81167847,197.13234470999998,1.0
22.525000000000002,-10.475471302,22.00031420133333,1.5740573960000006,165.81226122666666,197.13298169,1.0
22.533333332999998,-10.480594673,22.00928533733333,1.572143986999997,165.81284439666666,197.13361913,1.0
22.541666666999998,-10.485718005999999,22.018256448666666,1.5702306549999996,165.81342903333334,197.13425808999997,1.0
22.55,-10.490841296000001,22.027227530666668,1.5683174079999986,165.81401509666668,197.13489878000001,1.0
22.558333333,-10.495964528,22.036198574,1.5664042770000002,165.81460331333332,197.13554173,1.0
22.566666667,-10.501087719000001,22.045169590666667,1.564491228999998,165.81519309333333,197.13618630999997,1.0
22.575,-10.506210864,22.054140575999998,1.5625782719999997,165.81578440666667,197.13683272999998,1.0
22.583333333,-10.511333951,22.063111522666663,1.5606654310000003,165.81637785,197.13748139999998,1.0
22.591666667,-10.516456994999999,22.07208244133333,1.558752677000001,165.81697294,197.1381318,1.0
22.6,-10.521579954,22.081053302666664,1.5568400920000016,165.81757098333333,197.13878557000004,1.0
22.608333333,-10.526702864999999,22.090024132,1.554927603000003,165.81817080666664,197.13944120000002,1.0
22.616666667,-10.531825663,22.098994886666663,1.5530153410000018,165.81877474,197.14010133,1.0
22.625,-10.536948379,22.107965586,1.551103242,165.81938162999998,197.14076469000003,1.0
22.633333333,-10.542071013,22.116936230666667,1.549191307000001,165.8199915,197.14143132000004,1.0
22.641666667,-10.547193488000001,22.12590677,1.5472796909999964,165.82060714666667,197.14210423999998,1.0
22.650000000000002,-10.552315806,22.134877204,1.5453683880000035,165.82122852,197.14278339,1.0
22.658333332999998,-10.557437935,22.143847511999997,1.5434574629999993,165.82185669666666,197.14347005000002,1.0
22.666666666999998,-10.562559865,22.152817688,1.5415469369999961,165.82249214333333,197.14416463000003,1.0
22.675,-10.567681565,22.16178771,1.539636869999999,165.82313592000003,197.1448683,1.0
22.683333333,-10.572802912,22.170757496666667,1.5377275089999998,165.82379249666667,197.14558595,1.0
22.691666667,-10.577923653000001,22.179726879999997,1.535819360999998,165.82447115,197.14632771,1.0
22.7,-10.583042234999999,22.18869482333333,1.5339155300000016,165.82522834333335,197.14715521,1.0
22.708333333,-10.588156299,22.197659754666663,1.5320207349999997,165.82614987333332,197.14816212999997,1.0
22.716666667,-10.593266978,22.20662243,1.5301327109999967,165.82692536333334,197.14940452,1.0
22.725,-10.598390542999999,22.215593695333332,1.5282189140000035,165.82750094333332,197.15003467000003,1.0
22.733333333,-10.603514129999999,22.22456497533333,1.5263050730000032,165.82807640333337,197.15066368,1.0
22.741666667,-10.608637682,22.233536232666665,1.5243913030000016,165.82865314333333,197.15129410000003,1.0
22.75,-10.613761228,22.242507485333334,1.522477544000001,165.82923006666667,197.15192470999997,1.0
22.758333333,-10.618884727,22.251478706666663,1.520563879000001,165.82980876333335,197.15255718999998,1.0
22.766666667,-10.624008194,22.26044990733333,1.5186502789999992,165.83038849666664,197.15319095,1.0
22.775000000000002,-10.629131663999999,22.269421109333337,1.516736672000004,165.83096819,197.15382459,1.0
22.783333333,-10.634255091,22.278392282666665,1.5148231510000016,165.83154941333333,197.15445991,1.0
22.791666666999998,-10.639378473999999,22.287363427333332,1.5129097189999996,165.8321322,197.15509692,1.0
22.8,-10.644501811,22.296334540666667,1.5109963780000015,165.83271669666667,197.15573582000002,1.0
22.808333333,-10.649625108999999,22.305305628,1.5090831150000028,165.83330258666666,197.15637622999998,1.0
22.816666667,-10.654748403,22.31427671333333,1.5071698610000013,165.8338886,197.15701677,1.0
22.825,-10.659871637,22.323247757999997,1.505256725999999,165.83447677666666,197.15765969,1.0
22.833333333,-10.664994827000001,22.33221877333333,1.5033436789999968,165.83506655333332,197.15830434999998,1.0
22.841666667,-10.670117959,22.341189750666665,1.5014307489999972,165.83565843666665,197.15895131,1.0
22.85,-10.675241046,22.350160697333337,1.4995179080000014,165.8362519566667,197.15960006000003,1.0
22.858333333,-10.680364085,22.359131612,1.4976051629999994,165.83684720333332,197.16025069,1.0
22.866666667,-10.685487049,22.36810247733333,1.4956925689999991,165.83744518666666,197.16090427999998,1.0
22.875,-10.690609903999999,22.37707326933333,1.4937801920000027,165.83804708333332,197.16156223000002,1.0
22.883333333,-10.695732679,22.386044008,1.4918679749999981,165.83865186999998,197.1622233,1.0
22.891666667,-10.700855399,22.395014710666665,1.4899558689999992,165.83925867666667,197.16288655999998,1.0
22.900000000000002,-10.705977964,22.403985309333336,1.488044072000001,165.83987112333332,197.163556,1.0
22.908333333,-10.711100357,22.41295579333333,1.4861326190000028,165.84048977666666,197.16423221,1.0
22.916666666999998,-10.71622268,22.42192623133333,1.4842213069999985,165.84111098666668,197.16491122999997,1.0
22.925,-10.721344816,22.430896544,1.4823103680000003,165.8417389966667,197.16559766,1.0
22.933333333,-10.726466643,22.439866650666666,1.4804000469999998,165.8423781833333,197.16629632,1.0
22.941666667,-10.731588231,22.448836598666663,1.478490205,165.84302613333332,197.16700447,1.0
22.95,-10.736709446,22.457806297333335,1.4765811079999978,165.84368753666664,197.16772748,1.0
22.958333333,-10.741829798,22.466775420666664,1.4746737369999998,165.84438039,197.16848475,1.0
22.966666667,-10.746947282999999,22.47574263333333,1.4727721010000003,165.84517754,197.16935586000002,1.0
22.975,-10.752057957,22.484705304666665,1.4708840860000016,165.84622252666665,197.17049756,1.0
22.983333333,-10.757168603,22.493667957333333,1.4689961270000005,165.84699922666667,197.17174153999997,1.0
22.991666667,-10.762292156,22.502639215333335,1.4670823549999987,165.84757528666665,197.17237223,1.0
23.0,-10.76741571,22.511610473333334,1.4651685800000003,165.84815197,197.17300257000002,1.0
23.008333333,-10.772539258,22.52058172733333,1.4632548169999993,165.84872893666667,197.17363316,1.0
23.016666667,-10.777662775000001,22.52955296133333,1.4613411169999964,165.84930691,197.17426500000005,1.0
23.025000000000002,-10.782786245,22.538524163333335,1.4594275100000011,165.84988668666668,197.17489865,1.0
23.033333333,-10.787909711000001,22.547495362666666,1.4575139109999995,165.85046655333335,197.17553248000002,1.0
23.041666666999998,-10.793033136,22.556466535333332,1.4556003949999976,165.85104786000002,197.17616796,1.0
23.05,-10.798156520000001,22.565437680000002,1.4536869599999989,165.85163068666668,197.17680503,1.0
23.058333333,-10.803279892,22.574408816666665,1.4517735489999986,165.85221400333333,197.17744254999997,1.0
23.066666667,-10.808403222,22.583379926,1.4498602229999982,165.85279870666668,197.17808174000004,1.0
23.075000000000003,-10.813526514000001,22.592351009333335,1.4479469720000004,165.85338483666666,197.17872241999999,1.0
23.083333333,-10.818649747,22.601322053333334,1.4460338389999983,165.85397321666667,197.17936543999997,1.0
23.091666667,-10.823772933,22.610293066666664,1.4441208009999968,165.8545631,197.18001032999996,1.0
23.1,-10.82889608,22.619264053333332,1.4422078400000018,165.85515447666663,197.18065672999998,1.0
23.108333333,-10.834019168000001,22.628235000666667,1.4402949969999987,165.85574805666667,197.18130551000002,1.0
23.116666667,-10.839142209,22.637205917333333,1.438382249,165.85634323333332,197.18195611000004,1.0
23.125,-10.84426517,22.646176779999998,1.4364696600000002,165.85694141666667,197.18260984999998,1.0
23.133333333,-10.849388077,22.655147606666663,1.4345571789999987,165.85754142666664,197.18326577,1.0
23.141666667,-10.854510873999999,22.664118360666663,1.4326449190000012,165.85814547666666,197.18392606999998,1.0
23.150000000000002,-10.859633591,22.67308906066667,1.4307328180000027,165.85875250333333,197.18458950999997,1.0
23.158333333,-10.864756221999999,22.68205970333333,1.4288208890000043,165.85936250333333,197.18525634999997,1.0
23.166666666999998,-10.869878697,22.691030242666663,1.4269092729999961,165.85997824333336,197.18592937,1.0
23.175,-10.875001015999999,22.70000067733333,1.4249979680000031,165.86059974,197.18660859,1.0
23.183333333,-10.880123143,22.708970983999997,1.4230870469999992,165.8612281433333,197.18729542,1.0
23.191666667,-10.885245067,22.717941156,1.4211765330000006,165.8618637666667,197.18799032,1.0
23.200000000000003,-10.890366648999999,22.726911099333336,1.4192667020000052,165.86251195,197.18869880999998,1.0
23.208333333,-10.895487997,22.735880886666667,1.4173573389999987,165.86316861333333,197.18941657,1.0
23.216666667,-10.900608738,22.74485027,1.4154491909999969,165.86384739666667,197.19015842000005,1.0
23.225,-10.905727316,22.75381821066667,1.4135453680000012,165.8646048,197.19098619,1.0
23.233333333,-10.910840884,22.76278281133333,1.4116515649999997,165.86554454666665,197.19201298999997,1.0
23.241666667,-10.915951561,22.771745485333334,1.4097635450000006,165.86632023666667,197.19325565000003,1.0
23.25,-10.921075124,22.78071674933333,1.4078497520000006,165.86689593666665,197.19388598,1.0
23.258333333,-10.926198712,22.789688029999997,1.405935909,165.86747150333332,197.19451507000002,1.0
23.266666667,-10.931322262,22.798659285999996,1.4040221429999988,165.8680483566667,197.19514565,1.0
23.275000000000002,-10.936445809,22.807630539333335,1.4021083820000015,165.86862541666667,197.19577634,1.0
23.283333333,-10.941569305,22.816601758666668,1.400194723000002,165.86920418999998,197.19640905,1.0
23.291666667,-10.946692774999999,22.825572961333336,1.3982811170000033,165.86978394666667,197.19704276000004,1.0
23.3,-10.951816215000001,22.834544143333336,1.396367569999999,165.87036482,197.19767769,1.0
23.308333333,-10.956939643,22.84351531733333,1.394454047,165.87094607333333,197.19831304000002,1.0
23.316666667,-10.962063013,22.85248645333333,1.392540641,165.87152946,197.19895071000002,1.0
23.325000000000003,-10.967186349999999,22.861457566666665,1.3906273000000056,165.87211403,197.19958968,1.0
23.333333333,-10.972309647,22.870428653333335,1.388714039,165.87270006,197.20023024,1.0
23.341666667,-10.977432926,22.879399728666662,1.3868008149999973,165.8732866933333,197.20087146999998,1.0
23.35,-10.982556161,22.888370774,1.384887678000002,165.87387496333335,197.20151448999997,1.0
23.358333333,-10.987679353,22.897341790666665,1.3829746269999994,165.87446475333334,197.20215916,1.0
23.366666667,-10.992802487,22.906312769333333,1.3810616929999995,165.87505663666664,197.20280612,1.0
23.375,-10.997925577,22.915283718,1.3791488459999997,165.87565018,197.20345482,1.0
23.383333333,-11.003048604,22.924254624666663,1.3772361249999996,165.87624591333332,197.20410607000002,1.0
23.391666667,-11.008171514999999,22.933225454666662,1.375323637000001,165.87684589333332,197.20476186999997,1.0
23.400000000000002,-11.013294371,22.942196247333335,1.3734112580000009,165.87744785333334,197.20541986,1.0
23.408333333,-11.018417147,22.951166986666667,1.3714990390000033,165.8780527433333,197.20608103,1.0
23.416666667,-11.023539867,22.96013768933333,1.3695869330000008,165.8786596333333,197.20674439,1.0
23.425,-11.028662430999999,22.96910828733333,1.3676751380000027,165.87927225,197.20741391999996,1.0
23.433333333,-11.033784821000001,22.978078769333337,1.365763690999998,165.87989104333334,197.20809036999998,1.0
23.441666667,-11.038907058,22.987049149999997,1.3638525510000008,165.8805154833333,197.20877292999998,1.0
23.45,-11.044029097,22.996019397999994,1.3619418060000008,165.8811471,197.20946331000002,1.0
23.458333333,-11.049150925,23.00498950533333,1.3600314830000002,165.88178645666665,197.21016203,1.0
23.466666667,-11.054272384999999,23.013959367999995,1.3581218970000002,165.88243903333333,197.21087541999998,1.0
23.474999999999998,-11.059393455999999,23.022928970666662,1.3562130880000005,165.88310582,197.21160422999998,1.0
23.483333333,-11.064513831,23.031898109333333,1.3543056710000023,165.88379794,197.21236070999998,1.0
23.491666667,-11.069630956,23.040865082,1.352404755000002,165.88460833666667,197.21324627,1.0
23.5,-11.074741667,23.049827777999997,1.3505166660000008,165.88538384333336,197.21448697,1.0
23.508333333,-11.079865205,23.058799025333332,1.3486029229999978,165.88595956333333,197.21511873999998,1.0
23.516666667,-11.0849888,23.067770311333334,1.3466890669999998,165.88653490666667,197.21574758000003,1.0
23.525,-11.090112383000001,23.076741588666664,1.3447752339999965,165.88711059,197.21637692999997,1.0
23.533333333,-11.095235934,23.085712844666666,1.3428614650000021,165.88768746666668,197.21700755,1.0
23.541666667,-11.100359481,23.094684098666665,1.3409477050000014,165.88826451666668,197.21763829999998,1.0
23.549999999999997,-11.10548298,23.103655319999994,1.3390340399999978,165.88884328999998,197.21827091999998,1.0
23.558333333,-11.110606449,23.112626521333333,1.3371204349999992,165.88942311666668,197.21890472,1.0
23.566666667,-11.115729918,23.12159772333333,1.3352068310000007,165.89000295999998,197.21953851,1.0
23.575,-11.120853344999999,23.130568896666663,1.333293310000002,165.89058431666666,197.22017399000003,1.0
23.583333333,-11.125976729000001,23.139540041333333,1.331379874999996,165.89116724666667,197.22081116000004,1.0
23.591666667,-11.131100065,23.148511154666664,1.3294665369999983,165.89175188,197.2214502,1.0
23.599999999999998,-11.136223363000001,23.157482242,1.327553273999996,165.89233789666665,197.22209074999998,1.0
23.608333333,-11.141346658,23.166453327333333,1.3256400170000013,165.89292402666666,197.22273143,1.0
23.616666667,-11.146469892999999,23.175424373333332,1.3237268810000025,165.89351233666665,197.22337448000002,1.0
23.625,-11.151593083,23.184395388666665,1.3218138340000003,165.89410225333333,197.22401929,1.0
23.633333333,-11.156716215,23.193366365333333,1.3199009030000006,165.89469425333334,197.22466638999998,1.0
23.641666667,-11.161839303,23.202337313333334,1.3179880609999977,165.89528792,197.22531525,1.0
23.65,-11.16696234,23.211308226666663,1.3160753199999995,165.89588332999998,197.22596610000002,1.0
23.658333333,-11.172085304,23.22027909133333,1.3141627250000028,165.89648144999998,197.22661982999998,1.0
23.666666667,-11.177208159000001,23.229249884,1.3122503489999993,165.89708353666666,197.22727792999999,1.0
23.674999999999997,-11.182330932,23.23822062133333,1.3103381359999986,165.89768857333334,197.22793924,1.0
23.683333333,-11.187453649,23.247191321333332,1.308426035,165.89829559666669,197.22860279,1.0
23.691666667,-11.192576211999999,23.25616191933333,1.3065142430000023,165.89890821999998,197.22927246,1.0
23.7,-11.197698606000001,23.265132404,1.3046027879999968,165.89952700333333,197.22994882,1.0
23.708333333000002,-11.202820929,23.274102841333335,1.3026914750000032,165.9001483433333,197.23062799000002,1.0
23.716666667,-11.207943064,23.283073153999997,1.300780538999998,165.9007765,197.23131459,1.0
23.724999999999998,-11.213064892,23.292043261333333,1.2988702159999974,165.90141590666664,197.23201337,1.0
23.733333333,-11.218186477,23.301013206666667,1.2969603790000015,165.90206407000002,197.23272186,1.0
23.741666667,-11.223307690999999,23.30998290533333,1.295051285000003,165.90272564,197.23344504,1.0
23.75,-11.228428043,23.318952028666665,1.2931439140000016,165.90341865333332,197.23420249000003,1.0
23.758333333,-11.233545528,23.327919240666667,1.2912422769999985,165.90421598666666,197.23507379,1.0
23.766666667,-11.238656201,23.336881912,1.289354265,165.90526123333333,197.23621579,1.0
23.775,-11.243766847,23.345844564666663,1.287466305999999,165.90603812,197.23746006,1.0
23.783333333,-11.2488904,23.354815822,1.2855525330000006,165.90661431666666,197.23809089000002,1.0
23.791666667,-11.254013952,23.363787079333335,1.2836387630000026,165.90719122000002,197.2387215,1.0
23.799999999999997,-11.2591375,23.37275833333333,1.281724999999998,165.90776826333334,197.23935223,1.0
23.808333333,-11.264261020000001,23.381729568666664,1.279811292999998,165.90834633666668,197.23998410000002,1.0
23.816666667,-11.269384489,23.390700770666662,1.2778976889999996,165.90892627333332,197.24061792999998,1.0
23.825,-11.274507955,23.39967197,1.275984089999998,165.90950623333336,197.24125195,1.0
23.833333333000002,-11.279631382,23.408643143333336,1.2740705690000027,165.91008763666665,197.24188744999998,1.0
23.841666667,-11.284754765,23.417614288,1.272157136999997,165.91067061,197.24252468999998,1.0
23.849999999999998,-11.289878137,23.426585424666662,1.2702437259999968,165.91125401,197.24316237000002,1.0
23.858333333,-11.29500147,23.435556535333333,1.2683303929999994,165.91183883666665,197.24380157000002,1.0
23.866666667,-11.300124761,23.444527618666662,1.266417145000002,165.91242512,197.24444246999997,1.0
23.875,-11.305247994,23.453498662666664,1.2645040119999997,165.91301357,197.24508566999998,1.0
23.883333333,-11.310371182999999,23.46246967733333,1.2625909670000013,165.91360354,197.24573055000002,1.0
23.891666667,-11.315494331,23.471440665333333,1.260678004999999,165.91419506,197.24637710999997,1.0
23.9,-11.320617418,23.480411611999997,1.2587651639999997,165.91478874333333,197.24702605000002,1.0
23.908333333,-11.325740461,23.489382529333334,1.2568524110000006,165.91538402,197.24767671,1.0
23.916666667,-11.330863422,23.498353392666665,1.2549398230000008,165.91598227333336,197.24833063,1.0
23.925,-11.335986333000001,23.507324222,1.2530273339999987,165.91658239333336,197.24898652000002,1.0
23.933333333,-11.341109128,23.516294973999997,1.2511150770000015,165.91718662,197.24964705000002,1.0
23.941666667,-11.346231845,23.525265674666663,1.2492029769999995,165.91779372333335,197.25031065999997,1.0
23.95,-11.351354479000001,23.53423631933333,1.247291041999997,165.91840383666667,197.25097753999998,1.0
23.958333333000002,-11.356476954,23.543206857999998,1.245379425000003,165.91901972333332,197.25165073,1.0
23.966666667,-11.361599272,23.552177292666663,1.2434681229999995,165.91964135333333,197.25233011,1.0
23.974999999999998,-11.366721399,23.561147599333328,1.2415572019999992,165.92026980333335,197.25301710999997,1.0
23.983333333,-11.371843329,23.57011777466667,1.2396466749999995,165.92090550999998,197.25371196000003,1.0
23.991666667,-11.37696491,23.579087718,1.2377368470000008,165.92155383333332,197.2544206,1.0
24.0,-11.382086259,23.588057506,1.2358274820000013,165.92221064000003,197.25513852,1.0
24.008333333,-11.387207,23.597026888666665,1.2339193329999993,165.92288953,197.25588054000002,1.0
24.016666667,-11.39232558,23.605994831333334,1.2320155069999998,165.92364711666667,197.25670841,1.0
24.025,-11.397439149,23.614959432666666,1.2301217019999982,165.92458701666666,197.25773543000003,1.0
24.033333333,-11.402549826,23.623922106,1.2282336810000025,165.92536285666665,197.25897838999998,1.0
24.041666667,-11.407673391000001,23.632893372,1.2263198849999988,165.92593867666668,197.25960880999997,1.0
24.05,-11.412796978000001,23.641864652,1.2244060439999984,165.9265143433333,197.26023805,1.0
24.058333333,-11.41792053,23.650835908666664,1.2224922730000003,165.92709138,197.26086866999998,1.0
24.066666667,-11.423044073,23.65980716,1.2205785210000002,165.92766864666666,197.26149968,1.0
24.075,-11.428167569,23.668778379333332,1.2186648620000007,165.92824756666667,197.26213256,1.0
24.083333333000002,-11.433291038,23.67774958066667,1.216751257000002,165.92882752,197.26276644,1.0
24.091666667,-11.438414476,23.686720761999997,1.214837714999998,165.92940854666665,197.26340159,1.0
24.099999999999998,-11.443537905,23.695691936666663,1.212924189999999,165.92998992666665,197.26403707999998,1.0
24.108333333,-11.448661275,23.704663071999995,1.2110107830000025,165.93057345666668,197.26467491000002,1.0
24.116666667,-11.453784611,23.713634185333333,1.2090974450000012,165.93115826,197.26531401,1.0
24.125,-11.458907904,23.722605269333332,1.2071841919999997,165.93174448666667,197.26595491999996,1.0
24.133333333,-11.464031183,23.731576343999997,1.2052709670000006,165.93233125666666,197.26659629000002,1.0
24.141666667,-11.469154417,23.740547389333333,1.2033578329999983,165.93291976666666,197.26723943000002,1.0
24.15,-11.474277606,23.749518404,1.2014447879999999,165.93350974999998,197.26788444,1.0
24.158333333,-11.479400739999999,23.758489382,1.1995318530000034,165.9341017633333,197.26853155,1.0
24.166666667,-11.48452383,23.767460331333332,1.1976190070000001,165.93469538666668,197.26918043,1.0
24.175,-11.489646858999999,23.776431239333334,1.1957062820000033,165.93529122666666,197.2698317,1.0
24.183333333,-11.494769771,23.785402069333333,1.193793791000001,165.93589133666669,197.27048764999998,1.0
24.191666667,-11.499892627,23.794372862666666,1.1918814130000008,165.93649344666665,197.27114579,1.0
24.2,-11.505015402,23.80334360133333,1.1899691959999998,165.93709852333333,197.27180710000002,1.0
24.208333333000002,-11.510138119,23.812314301333334,1.1880570950000013,165.93770560333334,197.27247076,1.0
24.216666667000002,-11.515260683000001,23.821284900000002,1.1861453009999998,165.93831830999997,197.27314047,1.0
24.224999999999998,-11.520383077,23.830255384666664,1.184233845999998,165.93893718666666,197.27381693,1.0
24.233333333,-11.525505314,23.83922576466667,1.1823227050000007,165.93956178333335,197.27449963,1.0
24.241666667,-11.530627353,23.848196013333336,1.1804119610000008,165.94019354,197.27519016000002,1.0
24.25,-11.535749181,23.857166120666665,1.1785016380000002,165.94083297666666,197.27588908999996,1.0
24.258333333,-11.540870645,23.866135985333333,1.1765920429999994,165.94148565333333,197.27660248,1.0
24.266666667,-11.545991715,23.875105587999997,1.174683237,165.9421526033333,197.27733148000002,1.0
24.275,-11.55111209,23.88407472666666,1.1727758199999982,165.94284491333335,197.27808811000003,1.0
24.283333333,-11.556229213,23.893041697333334,1.1708749070000017,165.94365554333334,197.27897398,1.0
24.291666667,-11.561339924,23.902004394000002,1.1689868190000006,165.94443124666665,197.28021497000003,1.0
24.3,-11.566463462,23.91097564133333,1.1670730760000012,165.94500703666665,197.28084692000002,1.0
24.308333333,-11.57158706,23.919946928666665,1.165159212999999,165.9455823766667,197.28147581000002,1.0
24.316666667,-11.576710647,23.928918209333332,1.1632453729999988,165.94615817,197.28210507000003,1.0
24.325,-11.581834196,23.937889463999998,1.1613316079999976,165.94673522333332,197.28273595000002,1.0
24.333333333000002,-11.586957742,23.946860716666666,1.159417849000004,165.94731241,197.28336683999999,1.0
24.341666667000002,-11.592081241,23.955831938666666,1.1575041850000005,165.94789132999998,197.28399963,1.0
24.349999999999998,-11.597204711,23.964803140666664,1.1555905779999982,165.94847128,197.28463355999997,1.0
24.358333333,-11.60232818,23.973774342000002,1.1536769729999996,165.94905125,197.28526749000002,1.0
24.366666667,-11.607451608,23.982745516666668,1.1517634510000008,165.9496328,197.28590306999996,1.0
24.375,-11.612574988,23.991716658666665,1.1498500239999991,165.95021597666664,197.28654053,1.0
24.383333333000003,-11.617698321,24.000687769333332,1.1479366910000017,165.95080078333334,197.28717985000003,1.0
24.391666667,-11.622821619,24.009658857333335,1.1460234289999995,165.95138695000003,197.28782055000002,1.0
24.4,-11.627944914,24.018629942666667,1.1441101719999978,165.95197322,197.28846138,1.0
24.408333333,-11.633068149,24.027600987999996,1.1421970350000024,165.95256166666667,197.28910459999997,1.0
24.416666667,-11.638191337999999,24.036572003333333,1.140283991000004,165.95315173999998,197.28974958000003,1.0
24.425,-11.643314471,24.045542980666667,1.1383710580000006,165.95374387666666,197.29039681999998,1.0
24.433333333,-11.648437558,24.054513927333332,1.1364582170000013,165.95433766333332,197.29104586,1.0
24.441666667,-11.653560597,24.063484842666668,1.1345454729999993,165.95493323000002,197.29169675999998,1.0
24.45,-11.658683559,24.072455706,1.1326328819999993,165.95553159,197.29235076,1.0
24.458333333000002,-11.66380641,24.081426495333336,1.1307205130000035,165.95613381666666,197.29300916,1.0
24.466666667000002,-11.668929186,24.09039723533333,1.1288082950000025,165.95673888333337,197.29367053,1.0
24.474999999999998,-11.674051906,24.09936793733333,1.1268961879999964,165.95734597999999,197.29433411999997,1.0
24.483333333,-11.679174470000001,24.108338535333335,1.1249843929999983,165.95795872,197.29500387,1.0
24.491666667,-11.684296864,24.117309020666667,1.123072939,165.95857769666665,197.29568036,1.0
24.5,-11.689419184,24.126279456,1.1211616319999997,165.95919923333335,197.29635982000002,1.0
24.508333333000003,-11.694541319,24.135249768,1.1192506950000016,165.95982754333332,197.29704658000003,1.0
24.516666667,-11.699663148,24.144219876666668,1.1173403709999974,165.96046709333334,197.29774552000003,1.0
24.525,-11.704784732,24.15318982133333,1.115430535999998,165.96111541333332,197.29845418000002,1.0
24.533333332999998,-11.709905947000001,24.162159519999996,1.113521438999996,165.96177713,197.29917752999998,1.0
24.541666667,-11.715026298,24.171128643333333,1.1116140710000018,165.96247031333334,197.29993516000002,1.0
24.55,-11.720143784000001,24.180095855999998,1.1097124319999985,165.96326782666665,197.30080667000001,1.0
24.558333333,-11.725254456,24.189058526,1.1078244210000001,165.96431332,197.30194892999998,1.0
24.566666667,-11.730365102,24.19802117933333,1.105936462999999,165.96509039333333,197.30319348999996,1.0
24.575,-11.735488655,24.206992436666667,1.1040226900000008,165.96566670666667,197.30382446,1.0
24.583333333,-11.74061221,24.215963695333333,1.1021089129999986,165.96624366333333,197.30445511,1.0
24.591666667000002,-11.745735758,24.224934949999998,1.1001951510000012,165.96682084333335,197.30508601000002,1.0
24.6,-11.750859278,24.233906185333332,1.0982814440000013,165.96739903333335,197.30571799,1.0
24.608333332999997,-11.755982748000001,24.24287738733333,1.0963678369999954,165.96797903333334,197.30635198,1.0
24.616666667,-11.761106216,24.251848588666665,1.0944542350000006,165.96855907666668,197.30698600999997,1.0
24.625,-11.766229644,24.260819762666664,1.0925407120000017,165.96914060666668,197.30762165,1.0
24.633333333,-11.771353028,24.269790907333334,1.0906272769999994,165.96972370666666,197.30825900000002,1.0
24.641666667,-11.7764764,24.278762044666667,1.0887138669999992,165.97030723333333,197.30889685,1.0
24.65,-11.781599733,24.28773315533333,1.0868005339999982,165.97089218666667,197.30953618999996,1.0
24.658333332999998,-11.786723023999999,24.296704237999997,1.0848872850000006,165.9714787,197.31017720999998,1.0
24.666666667,-11.791846252000001,24.305675279333332,1.0829741629999994,165.97206734333332,197.31082075,1.0
24.675,-11.796969443,24.314646295333333,1.0810611140000006,165.97265743666668,197.31146575999998,1.0
24.683333333,-11.802092589,24.323617281333334,1.0791481549999986,165.97324916,197.31211245000003,1.0
24.691666667,-11.807215674,24.332588227333332,1.0772353189999997,165.97384302666669,197.31276167000001,1.0
24.7,-11.812338717,24.341559144666665,1.0753225660000005,165.97443844999998,197.3134125,1.0
24.708333333,-11.817461678,24.350530007333333,1.0734099769999972,165.97503683333332,197.31406657000002,1.0
24.716666667000002,-11.82258459,24.359500838000002,1.071497487000002,165.97563702,197.31472259999998,1.0
24.725,-11.827707388,24.368471592,1.0695852240000008,165.97624132333337,197.31538315000003,1.0
24.733333332999997,-11.832830105,24.377442291999998,1.0676731229999987,165.97684858333332,197.31604689999998,1.0
24.741666667,-11.837952738,24.386412936666666,1.065761191,165.97745883,197.31671394,1.0
24.75,-11.843075213,24.395383475333333,1.063849573999999,165.97807486,197.31738728999997,1.0
24.758333333,-11.848197532,24.404353909999998,1.0619382689999988,165.97869656999998,197.31806685000004,1.0
24.766666667,-11.853319662,24.413324219333333,1.060027342999998,165.97932511666667,197.31875387,1.0
24.775,-11.858441591,24.422294393999998,1.0581168179999985,165.97996098333334,197.3194489,1.0
24.783333332999998,-11.863563172,24.431264336666665,1.0562069889999997,165.98060948666668,197.32015772,1.0
24.791666667,-11.86868452,24.440234124666667,1.0542976270000004,165.98126646333333,197.32087581999997,1.0
24.8,-11.873805262000001,24.449203508,1.0523894759999983,165.98194560333332,197.32161799000002,1.0
24.808333333,-11.878923837999999,24.45817144733333,1.050485657000003,165.98270337666665,197.32244624000003,1.0
24.816666667,-11.884037408000001,24.46713605,1.0485918509999976,165.98364347999998,197.32347345,1.0
24.825,-11.889148084999999,24.47609872333333,1.046703830000002,165.98441950333333,197.32471669000003,1.0
24.833333333,-11.89427165,24.485069988666666,1.0447900329999982,165.98499544333333,197.32534723000003,1.0
24.841666667000002,-11.899395238,24.49404127,1.0428761910000013,165.9855712433333,197.32597662999999,1.0
24.85,-11.904518790000001,24.50301252666667,1.0409624199999996,165.98614840666667,197.32660739,1.0
24.858333332999997,-11.909642333,24.51198377733333,1.0390486669999959,165.98672573666667,197.32723856,1.0
24.866666667,-11.914765832,24.520954999333334,1.0371350029999995,165.98730477333334,197.32787143,1.0
24.875,-11.9198893,24.5299262,1.035221400000001,165.98788487666664,197.32850552,1.0
24.883333333,-11.925012738,24.53889738066667,1.0333078570000005,165.98846611,197.32914081,1.0
24.891666667000003,-11.930136163,24.547868553333334,1.0313943410000022,165.98904768333333,197.32977658000001,1.0
24.9,-11.935259533,24.556839688666663,1.0294809339999986,165.98963133333334,197.33041456,1.0
24.908333332999998,-11.94038287,24.565810801999994,1.027567592999997,165.9902162333333,197.3310538,1.0
24.916666667,-11.945506164,24.574781887333334,1.0256543390000026,165.99080257666665,197.33169479000003,1.0
24.925,-11.950629443,24.583752962,1.023741114,165.99138955333333,197.3323363,1.0
24.933333333,-11.955752675000001,24.59272400533333,1.0218279829999979,165.99197814666667,197.33297975,1.0
24.941666667,-11.960875867,24.601695022666664,1.019914932999999,165.99256820666668,197.33362472000002,1.0
24.95,-11.965999002,24.610666001333332,1.0180019959999989,165.99316036333335,197.33427199,1.0
24.958333333,-11.971122091,24.61963694933333,1.0160891509999992,165.99375415333333,197.33492104000004,1.0
24.966666667000002,-11.97624512,24.628607858,1.0141764270000024,165.99435012666666,197.33557247000002,1.0
24.975,-11.981368031,24.637578687333335,1.0122639380000003,165.99495038,197.33622858,1.0
24.983333332999997,-11.986490886999999,24.646549479999994,1.010351559,165.99555262666664,197.33688686,1.0
24.991666667,-11.991613663,24.65552022,1.008439340999999,165.99615784666665,197.33754833,1.0
25.0,-11.99673638,24.66449092,1.0065272400000005,165.99676514,197.33821211999998,1.0
